Date,Â°F,RH
12/14/2021 22:40:04,48.00,68.00
12/14/2021 22:40:31,49.00,69.80
12/14/2021 22:41:06,48.00,68.00
12/14/2021 22:41:31,48.00,68.00
12/14/2021 22:42:01,48.00,68.00
12/14/2021 22:42:36,48.00,68.00
12/14/2021 22:43:03,49.00,68.00
12/14/2021 22:43:31,49.00,68.00
12/14/2021 22:44:06,49.00,68.00
12/14/2021 22:44:36,49.00,68.00
12/14/2021 22:45:01,49.00,68.00
12/14/2021 22:45:31,49.00,68.00
12/14/2021 22:46:08,49.00,68.00
12/14/2021 22:46:38,49.00,68.00
12/14/2021 22:47:06,49.00,68.00
12/14/2021 22:47:31,49.00,68.00
12/14/2021 22:48:08,49.00,68.00
12/14/2021 22:48:31,49.00,68.00
12/14/2021 22:49:01,49.00,68.00
12/14/2021 22:49:31,49.00,68.00
12/14/2021 22:50:08,49.00,68.00
12/14/2021 22:50:36,49.00,68.00
12/14/2021 22:51:03,49.00,68.00
12/14/2021 22:51:31,49.00,68.00
12/14/2021 22:52:06,49.00,68.00
12/14/2021 22:52:31,49.00,68.00
12/14/2021 22:53:06,49.00,68.00
12/14/2021 22:53:31,49.00,68.00
12/14/2021 22:54:03,50.00,68.00
12/14/2021 22:54:33,50.00,68.00
12/14/2021 22:55:03,50.00,68.00
12/14/2021 22:55:31,50.00,68.00
12/14/2021 22:56:01,50.00,68.00
12/14/2021 22:56:31,50.00,68.00
12/14/2021 22:57:06,50.00,68.00
12/14/2021 22:57:33,50.00,68.00
12/14/2021 22:58:01,50.00,68.00
12/14/2021 22:58:31,50.00,68.00
12/14/2021 22:59:03,50.00,68.00
12/14/2021 22:59:36,50.00,68.00
12/14/2021 23:00:03,50.00,68.00
12/14/2021 23:00:41,50.00,68.00
12/14/2021 23:01:01,50.00,68.00
12/14/2021 23:01:36,50.00,68.00
12/14/2021 23:02:06,50.00,68.00
12/14/2021 23:02:31,50.00,68.00
12/14/2021 23:03:01,50.00,68.00
12/14/2021 23:03:33,50.00,68.00
12/14/2021 23:04:01,50.00,68.00
12/14/2021 23:04:31,50.00,68.00
12/14/2021 23:05:01,50.00,68.00
12/14/2021 23:05:31,50.00,68.00
12/14/2021 23:06:01,50.00,68.00
12/14/2021 23:06:31,50.00,68.00
12/14/2021 23:07:01,50.00,68.00
12/14/2021 23:07:36,51.00,68.00
12/14/2021 23:08:01,50.00,68.00
12/14/2021 23:08:33,51.00,68.00
12/14/2021 23:09:03,51.00,68.00
12/14/2021 23:09:31,51.00,68.00
12/14/2021 23:10:06,51.00,68.00
12/14/2021 23:10:31,51.00,68.00
12/14/2021 23:11:08,51.00,68.00
12/14/2021 23:11:33,51.00,68.00
12/14/2021 23:12:03,51.00,68.00
12/14/2021 23:12:33,51.00,68.00
12/14/2021 23:13:03,51.00,68.00
12/14/2021 23:13:31,51.00,68.00
12/14/2021 23:14:08,51.00,68.00
12/14/2021 23:14:36,51.00,68.00
12/14/2021 23:15:08,51.00,68.00
12/14/2021 23:15:33,51.00,68.00
12/14/2021 23:16:11,51.00,68.00
12/14/2021 23:16:36,51.00,68.00
12/14/2021 23:17:08,50.00,68.00
12/14/2021 23:17:31,50.00,68.00
12/14/2021 23:18:01,51.00,68.00
12/14/2021 23:18:33,51.00,68.00
12/14/2021 23:19:01,51.00,68.00
12/14/2021 23:19:31,51.00,68.00
12/14/2021 23:20:31,51.00,68.00
12/14/2021 23:20:34,51.00,68.00
12/14/2021 23:21:07,51.00,68.00
12/14/2021 23:21:32,51.00,68.00
12/14/2021 23:22:02,50.00,68.00
12/14/2021 23:22:32,50.00,68.00
12/14/2021 23:23:02,50.00,68.00
12/14/2021 23:23:39,50.00,68.00
12/14/2021 23:24:04,50.00,68.00
12/14/2021 23:24:34,50.00,68.00
12/14/2021 23:25:02,50.00,68.00
12/14/2021 23:25:34,50.00,68.00
12/14/2021 23:26:07,50.00,68.00
12/14/2021 23:26:32,50.00,68.00
12/14/2021 23:27:04,50.00,68.00
12/14/2021 23:27:32,50.00,68.00
12/14/2021 23:28:02,50.00,68.00
12/14/2021 23:28:32,50.00,68.00
12/14/2021 23:29:02,50.00,68.00
12/14/2021 23:29:39,50.00,68.00
12/14/2021 23:30:07,49.00,68.00
12/14/2021 23:30:34,50.00,68.00
12/14/2021 23:31:02,50.00,68.00
12/14/2021 23:31:32,49.00,68.00
12/14/2021 23:32:09,49.00,68.00
12/14/2021 23:32:32,49.00,68.00
12/14/2021 23:33:02,49.00,68.00
12/14/2021 23:33:34,49.00,68.00
12/14/2021 23:34:02,49.00,68.00
12/14/2021 23:34:32,49.00,68.00
12/14/2021 23:35:02,49.00,68.00
12/14/2021 23:35:32,49.00,68.00
12/14/2021 23:36:04,49.00,68.00
12/14/2021 23:36:34,49.00,68.00
12/14/2021 23:37:04,49.00,68.00
12/14/2021 23:37:32,49.00,68.00
12/14/2021 23:38:02,49.00,68.00
12/14/2021 23:38:34,49.00,68.00
12/14/2021 23:39:04,49.00,68.00
12/14/2021 23:39:42,49.00,68.00
12/14/2021 23:40:04,49.00,68.00
12/14/2021 23:40:32,49.00,68.00
12/14/2021 23:41:09,49.00,68.00
12/14/2021 23:41:34,49.00,68.00
12/14/2021 23:42:02,49.00,68.00
12/14/2021 23:42:32,49.00,68.00
12/14/2021 23:43:02,49.00,68.00
12/14/2021 23:43:37,49.00,68.00
12/14/2021 23:44:04,49.00,68.00
12/14/2021 23:44:32,49.00,68.00
12/14/2021 23:45:04,49.00,68.00
12/14/2021 23:45:32,49.00,68.00
12/14/2021 23:46:02,50.00,68.00
12/14/2021 23:46:32,50.00,68.00
12/14/2021 23:47:04,50.00,68.00
12/14/2021 23:47:32,50.00,68.00
12/14/2021 23:48:04,50.00,68.00
12/14/2021 23:48:32,50.00,68.00
12/14/2021 23:49:04,50.00,68.00
12/14/2021 23:49:37,50.00,68.00
12/14/2021 23:50:07,50.00,68.00
12/14/2021 23:50:32,50.00,68.00
12/14/2021 23:51:04,50.00,68.00
12/14/2021 23:51:32,50.00,68.00
12/14/2021 23:52:02,50.00,68.00
12/14/2021 23:52:32,50.00,68.00
12/14/2021 23:53:02,50.00,68.00
12/14/2021 23:53:32,50.00,68.00
12/14/2021 23:54:07,50.00,68.00
12/14/2021 23:54:42,50.00,68.00
12/14/2021 23:55:02,50.00,68.00
12/14/2021 23:55:37,50.00,68.00
12/14/2021 23:58:37,50.00,68.00
12/14/2021 23:59:03,50.00,68.00
12/14/2021 23:59:33,50.00,68.00
12/15/2021 00:00:16,50.00,68.00
12/15/2021 00:00:33,50.00,68.00
12/15/2021 00:01:06,50.00,68.00
12/15/2021 00:01:41,51.00,68.00
12/15/2021 00:02:03,50.00,68.00
12/15/2021 00:02:33,50.00,68.00
12/15/2021 00:03:06,51.00,68.00
12/15/2021 00:03:38,50.00,68.00
12/15/2021 00:04:06,50.00,68.00
12/15/2021 00:04:33,51.00,68.00
12/15/2021 00:05:03,51.00,68.00
12/15/2021 00:05:38,51.00,68.00
12/15/2021 00:06:06,51.00,68.00
12/15/2021 00:06:33,51.00,68.00
12/15/2021 00:07:06,51.00,68.00
12/15/2021 00:07:46,51.00,68.00
12/15/2021 00:08:03,51.00,68.00
12/15/2021 00:08:38,51.00,68.00
12/15/2021 00:09:03,51.00,68.00
12/15/2021 00:09:36,51.00,68.00
12/15/2021 00:10:06,51.00,68.00
12/15/2021 00:10:36,51.00,68.00
12/15/2021 00:11:06,51.00,68.00
12/15/2021 00:11:33,51.00,68.00
12/15/2021 00:12:03,51.00,68.00
12/15/2021 00:12:38,51.00,68.00
12/15/2021 00:13:03,51.00,68.00
12/15/2021 00:13:33,51.00,68.00
12/15/2021 00:14:03,51.00,68.00
12/15/2021 00:14:36,51.00,68.00
12/15/2021 00:15:03,51.00,68.00
12/15/2021 00:15:36,51.00,68.00
12/15/2021 00:16:03,50.00,68.00
12/15/2021 00:16:36,51.00,68.00
12/15/2021 00:17:03,51.00,68.00
12/15/2021 00:17:41,50.00,68.00
12/15/2021 00:18:03,50.00,68.00
12/15/2021 00:18:38,50.00,68.00
12/15/2021 00:19:08,50.00,68.00
12/15/2021 00:19:36,50.00,68.00
12/15/2021 00:20:06,50.00,68.00
12/15/2021 00:20:38,50.00,68.00
12/15/2021 00:21:03,50.00,68.00
12/15/2021 00:21:33,50.00,68.00
12/15/2021 00:22:11,50.00,68.00
12/15/2021 00:22:33,50.00,68.00
12/15/2021 00:23:03,50.00,68.00
12/15/2021 00:23:33,50.00,68.00
12/15/2021 00:24:03,50.00,68.00
12/15/2021 00:24:33,50.00,68.00
12/15/2021 00:25:03,50.00,68.00
12/15/2021 00:25:33,50.00,68.00
12/15/2021 00:26:11,49.00,68.00
12/15/2021 00:26:33,50.00,68.00
12/15/2021 00:27:03,49.00,68.00
12/15/2021 00:27:33,49.00,68.00
12/15/2021 00:28:03,50.00,68.00
12/15/2021 00:28:33,49.00,68.00
12/15/2021 00:29:03,49.00,68.00
12/15/2021 00:29:33,50.00,68.00
12/15/2021 00:30:03,49.00,68.00
12/15/2021 00:30:33,49.00,68.00
12/15/2021 00:31:03,49.00,68.00
12/15/2021 00:31:33,49.00,68.00
12/15/2021 00:32:06,49.00,68.00
12/15/2021 00:32:33,49.00,68.00
12/15/2021 00:33:03,49.00,68.00
12/15/2021 00:33:36,49.00,68.00
12/15/2021 00:34:03,49.00,68.00
12/15/2021 00:34:33,49.00,68.00
12/15/2021 00:35:03,49.00,68.00
12/15/2021 00:35:33,49.00,68.00
12/15/2021 00:36:06,49.00,68.00
12/15/2021 00:36:38,49.00,68.00
12/15/2021 00:37:03,49.00,68.00
12/15/2021 00:37:36,49.00,68.00
12/15/2021 00:38:03,49.00,68.00
12/15/2021 00:38:36,49.00,68.00
12/15/2021 00:39:03,49.00,68.00
12/15/2021 00:39:36,49.00,68.00
12/15/2021 00:40:16,49.00,68.00
12/15/2021 00:40:38,49.00,68.00
12/15/2021 00:41:11,49.00,68.00
12/15/2021 00:41:33,49.00,68.00
12/15/2021 00:42:08,49.00,68.00
12/15/2021 00:42:33,49.00,68.00
12/15/2021 00:43:03,49.00,68.00
12/15/2021 00:43:36,49.00,68.00
12/15/2021 00:44:03,49.00,68.00
12/15/2021 00:44:33,49.00,68.00
12/15/2021 00:45:14,49.00,68.00
12/15/2021 00:45:33,49.00,68.00
12/15/2021 00:46:03,48.00,68.00
12/15/2021 00:46:33,49.00,68.00
12/15/2021 00:47:03,49.00,68.00
12/15/2021 00:47:33,49.00,68.00
12/15/2021 00:48:03,49.00,68.00
12/15/2021 00:48:41,49.00,68.00
12/15/2021 00:49:03,49.00,68.00
12/15/2021 00:49:36,49.00,68.00
12/15/2021 00:50:03,49.00,68.00
12/15/2021 00:50:33,48.00,68.00
12/15/2021 00:51:06,49.00,68.00
12/15/2021 00:51:33,48.00,68.00
12/15/2021 00:52:03,49.00,68.00
12/15/2021 00:52:33,49.00,68.00
12/15/2021 00:53:03,49.00,68.00
12/15/2021 00:53:36,49.00,68.00
12/15/2021 00:54:06,49.00,68.00
12/15/2021 00:54:33,48.00,68.00
12/15/2021 00:55:06,48.00,68.00
12/15/2021 00:55:38,48.00,68.00
12/15/2021 00:56:08,48.00,68.00
12/15/2021 00:56:33,48.00,68.00
12/15/2021 00:57:06,48.00,68.00
12/15/2021 00:57:33,48.00,68.00
12/15/2021 00:58:03,48.00,68.00
12/15/2021 00:58:33,48.00,68.00
12/15/2021 00:59:06,48.00,68.00
12/15/2021 00:59:33,48.00,68.00
12/15/2021 01:00:08,48.00,68.00
12/15/2021 01:00:38,48.00,68.00
12/15/2021 01:01:03,48.00,68.00
12/15/2021 01:01:33,48.00,68.00
12/15/2021 01:02:06,48.00,68.00
12/15/2021 01:02:33,48.00,68.00
12/15/2021 01:03:06,48.00,68.00
12/15/2021 01:03:36,48.00,68.00
12/15/2021 01:04:03,48.00,68.00
12/15/2021 01:04:33,48.00,68.00
12/15/2021 01:05:06,48.00,68.00
12/15/2021 01:05:33,48.00,68.00
12/15/2021 01:06:06,48.00,68.00
12/15/2021 01:06:33,48.00,68.00
12/15/2021 01:07:03,48.00,68.00
12/15/2021 01:07:33,48.00,68.00
12/15/2021 01:08:03,48.00,68.00
12/15/2021 01:08:36,48.00,68.00
12/15/2021 01:09:06,48.00,68.00
12/15/2021 01:09:38,48.00,68.00
12/15/2021 01:10:06,48.00,68.00
12/15/2021 01:10:38,48.00,68.00
12/15/2021 01:11:06,48.00,68.00
12/15/2021 01:11:36,48.00,68.00
12/15/2021 01:12:03,48.00,68.00
12/15/2021 01:12:33,48.00,68.00
12/15/2021 01:13:06,48.00,68.00
12/15/2021 01:13:46,48.00,68.00
12/15/2021 01:14:03,48.00,68.00
12/15/2021 01:14:36,48.00,68.00
12/15/2021 01:15:03,48.00,68.00
12/15/2021 01:15:36,48.00,68.00
12/15/2021 01:16:06,48.00,68.00
12/15/2021 01:16:33,48.00,68.00
12/15/2021 01:17:03,48.00,68.00
12/15/2021 01:17:36,48.00,68.00
12/15/2021 01:18:03,48.00,68.00
12/15/2021 01:18:36,48.00,68.00
12/15/2021 01:19:03,48.00,68.00
12/15/2021 01:19:41,48.00,68.00
12/15/2021 01:20:06,48.00,68.00
12/15/2021 01:20:36,48.00,68.00
12/15/2021 01:21:06,48.00,68.00
12/15/2021 01:21:36,48.00,68.00
12/15/2021 01:22:03,48.00,68.00
12/15/2021 01:22:33,48.00,68.00
12/15/2021 01:23:06,48.00,68.00
12/15/2021 01:23:33,48.00,68.00
12/15/2021 01:24:03,48.00,68.00
12/15/2021 01:24:36,48.00,68.00
12/15/2021 01:25:06,48.00,68.00
12/15/2021 01:25:33,48.00,68.00
12/15/2021 01:26:03,48.00,68.00
12/15/2021 01:26:33,48.00,68.00
12/15/2021 01:27:03,48.00,68.00
12/15/2021 01:27:38,48.00,68.00
12/15/2021 01:28:03,48.00,68.00
12/15/2021 01:28:36,48.00,68.00
12/15/2021 01:29:03,48.00,68.00
12/15/2021 01:29:33,48.00,68.00
12/15/2021 01:30:16,48.00,68.00
12/15/2021 01:30:36,48.00,68.00
12/15/2021 01:31:06,48.00,68.00
12/15/2021 01:31:33,48.00,68.00
12/15/2021 01:32:03,48.00,68.00
12/15/2021 01:32:33,48.00,68.00
12/15/2021 01:33:03,48.00,68.00
12/15/2021 01:33:36,48.00,68.00
12/15/2021 01:34:03,48.00,68.00
12/15/2021 01:34:33,48.00,68.00
12/15/2021 01:35:03,48.00,68.00
12/15/2021 01:35:36,48.00,68.00
12/15/2021 01:36:06,48.00,68.00
12/15/2021 01:36:38,48.00,68.00
12/15/2021 01:37:06,48.00,68.00
12/15/2021 01:37:33,48.00,68.00
12/15/2021 01:38:08,48.00,68.00
12/15/2021 01:38:38,48.00,68.00
12/15/2021 01:39:03,48.00,68.00
12/15/2021 01:39:36,48.00,68.00
12/15/2021 01:40:06,48.00,68.00
12/15/2021 01:40:36,48.00,68.00
12/15/2021 01:41:06,48.00,68.00
12/15/2021 01:41:33,48.00,68.00
12/15/2021 01:42:03,48.00,68.00
12/15/2021 01:42:38,48.00,68.00
12/15/2021 01:43:06,49.00,68.00
12/15/2021 01:43:33,48.00,68.00
12/15/2021 01:44:03,49.00,68.00
12/15/2021 01:44:38,49.00,68.00
12/15/2021 01:45:03,49.00,68.00
12/15/2021 01:45:33,49.00,68.00
12/15/2021 01:46:06,49.00,68.00
12/15/2021 01:46:33,49.00,68.00
12/15/2021 01:47:03,49.00,68.00
12/15/2021 01:47:33,49.00,68.00
12/15/2021 01:48:08,49.00,68.00
12/15/2021 01:48:33,49.00,68.00
12/15/2021 01:49:03,49.00,68.00
12/15/2021 01:49:33,49.00,68.00
12/15/2021 01:50:03,49.00,68.00
12/15/2021 01:50:36,49.00,68.00
12/15/2021 01:51:03,49.00,68.00
12/15/2021 01:51:36,49.00,68.00
12/15/2021 01:52:03,49.00,68.00
12/15/2021 01:52:36,49.00,68.00
12/15/2021 01:53:06,50.00,68.00
12/15/2021 01:53:36,49.00,68.00
12/15/2021 01:54:08,49.00,68.00
12/15/2021 01:54:44,49.00,68.00
12/15/2021 01:55:03,49.00,68.00
12/15/2021 01:55:33,49.00,68.00
12/15/2021 01:56:06,49.00,68.00
12/15/2021 01:56:36,50.00,68.00
12/15/2021 01:57:03,49.00,68.00
12/15/2021 01:57:33,50.00,68.00
12/15/2021 01:58:03,50.00,68.00
12/15/2021 01:58:36,50.00,68.00
12/15/2021 01:59:06,50.00,68.00
12/15/2021 01:59:36,50.00,68.00
12/15/2021 02:00:11,50.00,68.00
12/15/2021 02:00:38,50.00,68.00
12/15/2021 02:01:03,50.00,68.00
12/15/2021 02:01:36,50.00,68.00
12/15/2021 02:02:14,50.00,68.00
12/15/2021 02:02:41,50.00,68.00
12/15/2021 02:03:03,50.00,68.00
12/15/2021 02:03:38,50.00,68.00
12/15/2021 02:04:03,50.00,68.00
12/15/2021 02:04:38,50.00,68.00
12/15/2021 02:05:06,50.00,68.00
12/15/2021 02:05:36,50.00,68.00
12/15/2021 02:06:06,50.00,68.00
12/15/2021 02:06:33,50.00,68.00
12/15/2021 02:07:03,50.00,68.00
12/15/2021 02:07:33,50.00,68.00
12/15/2021 02:08:03,50.00,68.00
12/15/2021 02:08:33,50.00,68.00
12/15/2021 02:09:03,50.00,68.00
12/15/2021 02:09:33,50.00,68.00
12/15/2021 02:10:03,50.00,68.00
12/15/2021 02:10:38,50.00,68.00
12/15/2021 02:11:06,50.00,68.00
12/15/2021 02:11:38,50.00,68.00
12/15/2021 02:12:03,50.00,68.00
12/15/2021 02:12:36,51.00,68.00
12/15/2021 02:13:03,50.00,68.00
12/15/2021 02:13:38,51.00,68.00
12/15/2021 02:14:08,51.00,68.00
12/15/2021 02:14:33,51.00,68.00
12/15/2021 02:15:03,51.00,68.00
12/15/2021 02:15:49,50.00,68.00
12/15/2021 02:16:06,51.00,68.00
12/15/2021 02:16:33,50.00,68.00
12/15/2021 02:17:03,51.00,68.00
12/15/2021 02:17:36,51.00,68.00
12/15/2021 02:18:14,51.00,68.00
12/15/2021 02:18:38,51.00,68.00
12/15/2021 02:19:03,51.00,68.00
12/15/2021 02:19:33,51.00,68.00
12/15/2021 02:20:03,51.00,68.00
12/15/2021 02:20:46,51.00,68.00
12/15/2021 02:21:03,51.00,68.00
12/15/2021 02:21:33,51.00,68.00
12/15/2021 02:22:03,51.00,68.00
12/15/2021 02:22:36,51.00,68.00
12/15/2021 02:23:03,51.00,68.00
12/15/2021 02:23:33,51.00,68.00
12/15/2021 02:24:03,51.00,68.00
12/15/2021 02:24:36,51.00,68.00
12/15/2021 02:25:08,51.00,68.00
12/15/2021 02:25:33,51.00,68.00
12/15/2021 02:26:03,51.00,68.00
12/15/2021 02:26:36,51.00,68.00
12/15/2021 02:27:03,51.00,68.00
12/15/2021 02:27:33,51.00,68.00
12/15/2021 02:28:08,51.00,68.00
12/15/2021 02:28:44,51.00,68.00
12/15/2021 02:29:03,51.00,68.00
12/15/2021 02:29:38,51.00,68.00
12/15/2021 02:30:03,51.00,68.00
12/15/2021 02:30:33,51.00,68.00
12/15/2021 02:31:08,51.00,68.00
12/15/2021 02:31:33,51.00,68.00
12/15/2021 02:32:03,51.00,68.00
12/15/2021 02:32:33,51.00,68.00
12/15/2021 02:33:06,51.00,68.00
12/15/2021 02:33:33,51.00,68.00
12/15/2021 02:34:11,51.00,68.00
12/15/2021 02:34:36,51.00,68.00
12/15/2021 02:35:03,51.00,68.00
12/15/2021 02:35:33,51.00,68.00
12/15/2021 02:36:11,51.00,68.00
12/15/2021 02:36:36,51.00,68.00
12/15/2021 02:37:03,51.00,68.00
12/15/2021 02:37:33,51.00,68.00
12/15/2021 02:38:03,51.00,68.00
12/15/2021 02:38:36,50.00,68.00
12/15/2021 02:39:06,50.00,68.00
12/15/2021 02:39:41,50.00,68.00
12/15/2021 02:40:08,50.00,68.00
12/15/2021 02:40:33,50.00,68.00
12/15/2021 02:41:03,50.00,68.00
12/15/2021 02:41:33,50.00,68.00
12/15/2021 02:42:08,50.00,68.00
12/15/2021 02:42:33,50.00,68.00
12/15/2021 02:43:03,50.00,68.00
12/15/2021 02:43:36,50.00,68.00
12/15/2021 02:44:03,50.00,68.00
12/15/2021 02:44:49,50.00,68.00
12/15/2021 02:45:13,50.00,68.00
12/15/2021 02:45:44,50.00,68.00
12/15/2021 02:46:16,49.00,68.00
12/15/2021 02:46:33,49.00,68.00
12/15/2021 02:47:06,50.00,68.00
12/15/2021 02:47:36,50.00,68.00
12/15/2021 02:48:06,50.00,68.00
12/15/2021 02:48:33,50.00,68.00
12/15/2021 02:49:03,50.00,68.00
12/15/2021 02:49:36,50.00,68.00
12/15/2021 02:50:08,49.00,68.00
12/15/2021 02:50:33,49.00,68.00
12/15/2021 02:51:11,49.00,68.00
12/15/2021 02:51:33,49.00,68.00
12/15/2021 02:52:08,49.00,68.00
12/15/2021 02:52:33,49.00,68.00
12/15/2021 02:53:03,49.00,68.00
12/15/2021 02:53:33,49.00,68.00
12/15/2021 02:54:03,49.00,68.00
12/15/2021 02:54:33,49.00,68.00
12/15/2021 02:55:03,49.00,68.00
12/15/2021 02:55:33,49.00,68.00
12/15/2021 02:56:03,49.00,68.00
12/15/2021 02:56:38,49.00,68.00
12/15/2021 02:57:03,49.00,68.00
12/15/2021 02:57:38,49.00,68.00
12/15/2021 02:58:03,49.00,68.00
12/15/2021 02:58:36,49.00,68.00
12/15/2021 02:59:03,49.00,68.00
12/15/2021 02:59:36,49.00,68.00
12/15/2021 03:00:06,49.00,68.00
12/15/2021 03:00:33,49.00,68.00
12/15/2021 03:01:19,49.00,68.00
12/15/2021 03:01:33,49.00,68.00
12/15/2021 03:02:06,49.00,68.00
12/15/2021 03:02:33,49.00,68.00
12/15/2021 03:03:03,49.00,68.00
12/15/2021 03:03:36,49.00,68.00
12/15/2021 03:04:03,49.00,68.00
12/15/2021 03:04:33,49.00,68.00
12/15/2021 03:05:08,49.00,68.00
12/15/2021 03:05:33,49.00,68.00
12/15/2021 03:06:06,49.00,68.00
12/15/2021 03:06:33,49.00,68.00
12/15/2021 03:07:06,49.00,68.00
12/15/2021 03:07:36,49.00,68.00
12/15/2021 03:08:06,49.00,68.00
12/15/2021 03:08:36,49.00,68.00
12/15/2021 03:09:03,49.00,68.00
12/15/2021 03:09:38,49.00,68.00
12/15/2021 03:10:06,49.00,68.00
12/15/2021 03:10:36,49.00,68.00
12/15/2021 03:11:06,49.00,68.00
12/15/2021 03:11:41,49.00,68.00
12/15/2021 03:12:03,49.00,68.00
12/15/2021 03:12:33,49.00,68.00
12/15/2021 03:13:03,49.00,68.00
12/15/2021 03:13:33,49.00,68.00
12/15/2021 03:14:08,49.00,68.00
12/15/2021 03:14:33,49.00,68.00
12/15/2021 03:15:06,49.00,68.00
12/15/2021 03:15:33,49.00,68.00
12/15/2021 03:16:06,49.00,68.00
12/15/2021 03:16:41,49.00,68.00
12/15/2021 03:17:03,49.00,68.00
12/15/2021 03:17:33,49.00,68.00
12/15/2021 03:18:03,49.00,68.00
12/15/2021 03:18:36,49.00,68.00
12/15/2021 03:19:03,48.00,68.00
12/15/2021 03:19:36,49.00,68.00
12/15/2021 03:20:06,49.00,68.00
12/15/2021 03:20:33,48.00,68.00
12/15/2021 03:21:03,49.00,68.00
12/15/2021 03:21:33,49.00,68.00
12/15/2021 03:22:03,48.00,68.00
12/15/2021 03:22:33,49.00,68.00
12/15/2021 03:23:06,49.00,68.00
12/15/2021 03:23:33,49.00,68.00
12/15/2021 03:24:03,49.00,68.00
12/15/2021 03:24:33,48.00,68.00
12/15/2021 03:25:03,48.00,68.00
12/15/2021 03:25:33,49.00,68.00
12/15/2021 03:26:03,48.00,68.00
12/15/2021 03:26:33,48.00,68.00
12/15/2021 03:27:03,48.00,68.00
12/15/2021 03:27:36,49.00,68.00
12/15/2021 03:28:03,48.00,68.00
12/15/2021 03:28:33,48.00,68.00
12/15/2021 03:29:06,48.00,68.00
12/15/2021 03:29:36,48.00,68.00
12/15/2021 03:30:03,48.00,68.00
12/15/2021 03:30:33,48.00,68.00
12/15/2021 03:31:06,48.00,68.00
12/15/2021 03:31:33,48.00,68.00
12/15/2021 03:32:03,48.00,68.00
12/15/2021 03:32:33,48.00,68.00
12/15/2021 03:33:08,48.00,68.00
12/15/2021 03:33:33,48.00,68.00
12/15/2021 03:34:06,48.00,68.00
12/15/2021 03:34:33,48.00,68.00
12/15/2021 03:35:03,48.00,68.00
12/15/2021 03:35:44,48.00,68.00
12/15/2021 03:36:03,48.00,68.00
12/15/2021 03:36:33,48.00,68.00
12/15/2021 03:37:26,48.00,68.00
12/15/2021 03:37:33,48.00,68.00
12/15/2021 03:38:03,48.00,68.00
12/15/2021 03:38:33,48.00,68.00
12/15/2021 03:39:06,48.00,68.00
12/15/2021 03:39:36,48.00,68.00
12/15/2021 03:40:03,48.00,68.00
12/15/2021 03:40:33,49.00,68.00
12/15/2021 03:41:03,49.00,68.00
12/15/2021 03:41:33,49.00,68.00
12/15/2021 03:42:03,49.00,68.00
12/15/2021 03:42:33,49.00,68.00
12/15/2021 03:43:03,49.00,68.00
12/15/2021 03:43:33,49.00,68.00
12/15/2021 03:44:03,49.00,68.00
12/15/2021 03:44:36,49.00,68.00
12/15/2021 03:45:03,49.00,68.00
12/15/2021 03:45:33,49.00,68.00
12/15/2021 03:46:06,49.00,68.00
12/15/2021 03:46:36,49.00,68.00
12/15/2021 03:47:03,49.00,68.00
12/15/2021 03:47:33,49.00,68.00
12/15/2021 03:48:11,49.00,68.00
12/15/2021 03:48:36,49.00,68.00
12/15/2021 03:49:11,49.00,68.00
12/15/2021 03:49:36,49.00,68.00
12/15/2021 03:50:03,49.00,68.00
12/15/2021 03:50:33,50.00,68.00
12/15/2021 03:51:03,50.00,68.00
12/15/2021 03:51:33,50.00,68.00
12/15/2021 03:52:03,50.00,68.00
12/15/2021 03:52:33,50.00,68.00
12/15/2021 03:53:03,50.00,68.00
12/15/2021 03:53:33,50.00,68.00
12/15/2021 03:54:03,50.00,68.00
12/15/2021 03:54:36,50.00,68.00
12/15/2021 03:55:03,50.00,68.00
12/15/2021 03:55:33,50.00,68.00
12/15/2021 03:56:03,50.00,68.00
12/15/2021 03:56:36,50.00,68.00
12/15/2021 03:57:03,50.00,68.00
12/15/2021 03:57:33,50.00,68.00
12/15/2021 03:58:06,50.00,68.00
12/15/2021 03:58:36,50.00,68.00
12/15/2021 03:59:03,50.00,68.00
12/15/2021 03:59:36,50.00,68.00
12/15/2021 04:00:03,50.00,68.00
12/15/2021 04:00:33,50.00,68.00
12/15/2021 04:01:06,50.00,68.00
12/15/2021 04:01:36,50.00,68.00
12/15/2021 04:02:08,50.00,68.00
12/15/2021 04:02:36,50.00,68.00
12/15/2021 04:03:03,50.00,68.00
12/15/2021 04:03:38,50.00,68.00
12/15/2021 04:04:03,50.00,68.00
12/15/2021 04:04:33,50.00,68.00
12/15/2021 04:05:03,51.00,68.00
12/15/2021 04:05:33,51.00,68.00
12/15/2021 04:06:03,51.00,68.00
12/15/2021 04:06:33,51.00,66.20
12/15/2021 04:07:06,51.00,68.00
12/15/2021 04:07:33,51.00,68.00
12/15/2021 04:08:03,51.00,68.00
12/15/2021 04:08:41,51.00,68.00
12/15/2021 04:09:03,51.00,68.00
12/15/2021 04:09:33,51.00,68.00
12/15/2021 04:10:03,51.00,68.00
12/15/2021 04:10:33,51.00,68.00
12/15/2021 04:11:06,51.00,68.00
12/15/2021 04:11:33,51.00,68.00
12/15/2021 04:12:03,51.00,68.00
12/15/2021 04:12:36,51.00,68.00
12/15/2021 04:13:06,51.00,68.00
12/15/2021 04:13:36,51.00,68.00
12/15/2021 04:14:03,51.00,68.00
12/15/2021 04:14:36,51.00,68.00
12/15/2021 04:15:08,51.00,68.00
12/15/2021 04:15:33,51.00,68.00
12/15/2021 04:16:06,51.00,68.00
12/15/2021 04:16:36,51.00,68.00
12/15/2021 04:17:03,51.00,68.00
12/15/2021 04:17:36,51.00,68.00
12/15/2021 04:18:06,51.00,68.00
12/15/2021 04:18:33,51.00,68.00
12/15/2021 04:19:14,51.00,68.00
12/15/2021 04:19:33,51.00,68.00
12/15/2021 04:20:03,51.00,68.00
12/15/2021 04:20:38,51.00,68.00
12/15/2021 04:21:03,51.00,68.00
12/15/2021 04:21:33,51.00,68.00
12/15/2021 04:22:03,51.00,68.00
12/15/2021 04:22:36,51.00,68.00
12/15/2021 04:23:03,51.00,68.00
12/15/2021 04:23:36,51.00,68.00
12/15/2021 04:24:06,51.00,68.00
12/15/2021 04:24:36,51.00,68.00
12/15/2021 04:25:03,51.00,68.00
12/15/2021 04:25:38,51.00,68.00
12/15/2021 04:26:03,52.00,68.00
12/15/2021 04:26:33,51.00,68.00
12/15/2021 04:27:08,52.00,68.00
12/15/2021 04:27:33,52.00,68.00
12/15/2021 04:28:08,51.00,68.00
12/15/2021 04:28:33,51.00,68.00
12/15/2021 04:29:03,52.00,68.00
12/15/2021 04:29:33,52.00,68.00
12/15/2021 04:30:06,51.00,68.00
12/15/2021 04:30:33,51.00,68.00
12/15/2021 04:31:06,51.00,68.00
12/15/2021 04:31:33,51.00,68.00
12/15/2021 04:32:03,51.00,68.00
12/15/2021 04:32:36,51.00,68.00
12/15/2021 04:33:06,51.00,68.00
12/15/2021 04:33:33,50.00,68.00
12/15/2021 04:34:03,51.00,68.00
12/15/2021 04:34:33,51.00,68.00
12/15/2021 04:35:03,51.00,68.00
12/15/2021 04:35:33,51.00,68.00
12/15/2021 04:36:03,51.00,66.20
12/15/2021 04:36:33,51.00,66.20
12/15/2021 04:37:08,50.00,68.00
12/15/2021 04:37:33,50.00,68.00
12/15/2021 04:38:03,50.00,68.00
12/15/2021 04:38:41,50.00,68.00
12/15/2021 04:39:06,50.00,68.00
12/15/2021 04:39:33,50.00,68.00
12/15/2021 04:40:08,50.00,68.00
12/15/2021 04:40:36,50.00,68.00
12/15/2021 04:41:06,50.00,68.00
12/15/2021 04:41:33,50.00,68.00
12/15/2021 04:42:03,50.00,68.00
12/15/2021 04:42:33,50.00,68.00
12/15/2021 04:43:06,50.00,68.00
12/15/2021 04:43:33,50.00,68.00
12/15/2021 04:44:03,50.00,68.00
12/15/2021 04:44:33,50.00,68.00
12/15/2021 04:45:03,50.00,66.20
12/15/2021 04:45:36,50.00,68.00
12/15/2021 04:46:03,50.00,68.00
12/15/2021 04:46:33,50.00,66.20
12/15/2021 04:47:03,50.00,68.00
12/15/2021 04:47:36,50.00,68.00
12/15/2021 04:48:03,50.00,68.00
12/15/2021 04:48:33,50.00,68.00
12/15/2021 04:49:06,50.00,68.00
12/15/2021 04:49:33,50.00,68.00
12/15/2021 04:50:06,50.00,68.00
12/15/2021 04:50:33,50.00,68.00
12/15/2021 04:51:03,50.00,68.00
12/15/2021 04:51:38,50.00,68.00
12/15/2021 04:52:03,49.00,68.00
12/15/2021 04:52:36,50.00,68.00
12/15/2021 04:53:03,49.00,68.00
12/15/2021 04:53:33,50.00,68.00
12/15/2021 04:54:03,50.00,68.00
12/15/2021 04:54:33,49.00,68.00
12/15/2021 04:55:03,49.00,68.00
12/15/2021 04:55:33,49.00,68.00
12/15/2021 04:56:03,50.00,68.00
12/15/2021 04:56:33,49.00,66.20
12/15/2021 04:57:03,49.00,68.00
12/15/2021 04:57:33,49.00,66.20
12/15/2021 04:58:06,49.00,68.00
12/15/2021 04:58:33,49.00,68.00
12/15/2021 04:59:03,49.00,68.00
12/15/2021 04:59:33,49.00,68.00
12/15/2021 05:00:08,49.00,68.00
12/15/2021 05:00:36,49.00,66.20
12/15/2021 05:01:03,49.00,68.00
12/15/2021 05:01:38,49.00,68.00
12/15/2021 05:02:03,49.00,68.00
12/15/2021 05:02:33,49.00,68.00
12/15/2021 05:03:08,49.00,68.00
12/15/2021 05:03:33,49.00,68.00
12/15/2021 05:04:06,49.00,68.00
12/15/2021 05:04:33,49.00,68.00
12/15/2021 05:05:03,49.00,68.00
12/15/2021 05:05:38,49.00,68.00
12/15/2021 05:06:06,49.00,68.00
12/15/2021 05:06:36,49.00,68.00
12/15/2021 05:07:06,49.00,68.00
12/15/2021 05:07:46,49.00,68.00
12/15/2021 05:08:06,49.00,68.00
12/15/2021 05:08:38,49.00,68.00
12/15/2021 05:09:03,49.00,68.00
12/15/2021 05:09:36,49.00,68.00
12/15/2021 05:10:06,49.00,68.00
12/15/2021 05:10:33,49.00,68.00
12/15/2021 05:11:08,49.00,68.00
12/15/2021 05:11:33,49.00,68.00
12/15/2021 05:12:03,49.00,68.00
12/15/2021 05:12:36,49.00,68.00
12/15/2021 05:13:03,49.00,68.00
12/15/2021 05:13:33,49.00,68.00
12/15/2021 05:14:06,49.00,68.00
12/15/2021 05:14:36,49.00,66.20
12/15/2021 05:15:03,49.00,68.00
12/15/2021 05:15:33,49.00,68.00
12/15/2021 05:16:03,49.00,68.00
12/15/2021 05:16:33,49.00,68.00
12/15/2021 05:17:03,49.00,66.20
12/15/2021 05:17:33,49.00,66.20
12/15/2021 05:18:03,49.00,68.00
12/15/2021 05:18:36,49.00,68.00
12/15/2021 05:19:03,49.00,68.00
12/15/2021 05:19:33,49.00,68.00
12/15/2021 05:20:03,49.00,68.00
12/15/2021 05:20:33,49.00,68.00
12/15/2021 05:21:03,49.00,68.00
12/15/2021 05:21:33,49.00,68.00
12/15/2021 05:22:03,49.00,68.00
12/15/2021 05:22:33,49.00,66.20
12/15/2021 05:23:03,49.00,66.20
12/15/2021 05:23:33,49.00,68.00
12/15/2021 05:24:03,49.00,68.00
12/15/2021 05:24:36,49.00,68.00
12/15/2021 05:25:06,49.00,68.00
12/15/2021 05:25:38,49.00,68.00
12/15/2021 05:26:03,49.00,68.00
12/15/2021 05:26:33,48.00,68.00
12/15/2021 05:27:03,49.00,66.20
12/15/2021 05:27:36,49.00,68.00
12/15/2021 05:28:03,49.00,68.00
12/15/2021 05:28:33,49.00,68.00
12/15/2021 05:29:08,48.00,68.00
12/15/2021 05:29:33,48.00,68.00
12/15/2021 05:30:16,48.00,68.00
12/15/2021 05:30:33,48.00,68.00
12/15/2021 05:31:03,48.00,68.00
12/15/2021 05:31:33,48.00,68.00
12/15/2021 05:32:06,48.00,68.00
12/15/2021 05:32:33,48.00,68.00
12/15/2021 05:33:03,48.00,68.00
12/15/2021 05:33:33,48.00,68.00
12/15/2021 05:34:08,48.00,68.00
12/15/2021 05:34:38,48.00,68.00
12/15/2021 05:35:06,48.00,68.00
12/15/2021 05:35:36,50.00,68.00
12/15/2021 05:36:08,48.00,68.00
12/15/2021 05:36:33,48.00,68.00
12/15/2021 05:37:06,49.00,68.00
12/15/2021 05:37:33,49.00,68.00
12/15/2021 05:38:03,49.00,68.00
12/15/2021 05:38:36,49.00,68.00
12/15/2021 05:39:03,49.00,68.00
12/15/2021 05:39:36,49.00,68.00
12/15/2021 05:40:03,49.00,68.00
12/15/2021 05:40:36,49.00,68.00
12/15/2021 05:41:14,49.00,68.00
12/15/2021 05:41:33,49.00,68.00
12/15/2021 05:42:11,49.00,68.00
12/15/2021 05:42:36,49.00,68.00
12/15/2021 05:43:03,49.00,68.00
12/15/2021 05:43:36,49.00,68.00
12/15/2021 05:44:06,49.00,68.00
12/15/2021 05:44:36,49.00,68.00
12/15/2021 05:45:03,49.00,68.00
12/15/2021 05:45:33,49.00,68.00
12/15/2021 05:46:03,49.00,68.00
12/15/2021 05:46:36,49.00,68.00
12/15/2021 05:47:06,49.00,68.00
12/15/2021 05:47:36,49.00,68.00
12/15/2021 05:48:03,49.00,68.00
12/15/2021 05:48:44,49.00,68.00
12/15/2021 05:49:03,49.00,68.00
12/15/2021 05:49:33,49.00,68.00
12/15/2021 05:50:03,49.00,68.00
12/15/2021 05:50:33,49.00,68.00
12/15/2021 05:51:03,50.00,68.00
12/15/2021 05:51:33,50.00,68.00
12/15/2021 05:52:03,49.00,68.00
12/15/2021 05:52:33,49.00,68.00
12/15/2021 05:53:03,50.00,68.00
12/15/2021 05:53:33,49.00,68.00
12/15/2021 05:54:08,50.00,68.00
12/15/2021 05:54:33,51.00,69.80
12/15/2021 05:55:14,51.00,69.80
12/15/2021 05:55:33,51.00,69.80
12/15/2021 05:56:11,51.00,69.80
12/15/2021 05:56:36,51.00,69.80
12/15/2021 05:57:11,51.00,69.80
12/15/2021 05:57:36,51.00,69.80
12/15/2021 05:58:06,51.00,69.80
12/15/2021 05:58:36,51.00,69.80
12/15/2021 05:59:03,51.00,69.80
12/15/2021 05:59:33,51.00,69.80
12/15/2021 06:00:08,51.00,69.80
12/15/2021 06:00:33,51.00,69.80
12/15/2021 06:01:03,51.00,69.80
12/15/2021 06:01:36,51.00,69.80
12/15/2021 06:02:11,51.00,69.80
12/15/2021 06:02:38,51.00,69.80
12/15/2021 06:03:03,51.00,69.80
12/15/2021 06:03:38,51.00,69.80
12/15/2021 06:04:06,51.00,69.80
12/15/2021 06:04:33,51.00,69.80
12/15/2021 06:05:06,51.00,69.80
12/15/2021 06:05:49,51.00,69.80
12/15/2021 06:06:06,51.00,69.80
12/15/2021 06:06:33,51.00,69.80
12/15/2021 06:07:03,51.00,69.80
12/15/2021 06:07:36,51.00,69.80
12/15/2021 06:08:08,51.00,69.80
12/15/2021 06:08:33,51.00,69.80
12/15/2021 06:09:03,51.00,69.80
12/15/2021 06:09:36,51.00,69.80
12/15/2021 06:10:03,51.00,69.80
12/15/2021 06:10:33,51.00,69.80
12/15/2021 06:11:03,51.00,69.80
12/15/2021 06:11:33,51.00,69.80
12/15/2021 06:12:03,51.00,69.80
12/15/2021 06:12:33,51.00,69.80
12/15/2021 06:13:08,51.00,69.80
12/15/2021 06:13:36,50.00,69.00
12/15/2021 06:14:06,51.00,69.80
12/15/2021 06:14:33,51.00,69.80
12/15/2021 06:15:06,51.00,69.80
12/15/2021 06:15:33,51.00,69.80
12/15/2021 06:16:03,51.00,69.80
12/15/2021 06:16:36,51.00,69.80
12/15/2021 06:17:06,50.00,69.80
12/15/2021 06:17:33,50.00,69.80
12/15/2021 06:18:03,50.00,69.80
12/15/2021 06:18:36,50.00,69.80
12/15/2021 06:19:06,50.00,69.80
12/15/2021 06:19:33,50.00,69.80
12/15/2021 06:20:03,50.00,69.80
12/15/2021 06:20:38,50.00,69.80
12/15/2021 06:21:03,50.00,69.80
12/15/2021 06:21:38,50.00,69.80
12/15/2021 06:22:14,50.00,69.80
12/15/2021 06:22:36,50.00,69.80
12/15/2021 06:23:11,50.00,69.80
12/15/2021 06:23:33,50.00,69.80
12/15/2021 06:24:03,50.00,69.80
12/15/2021 06:24:33,50.00,69.80
12/15/2021 06:25:03,50.00,69.80
12/15/2021 06:25:33,50.00,69.80
12/15/2021 06:26:03,50.00,69.80
12/15/2021 06:26:33,50.00,69.80
12/15/2021 06:27:03,50.00,69.80
12/15/2021 06:27:33,50.00,69.80
12/15/2021 06:28:08,50.00,69.80
12/15/2021 06:28:33,50.00,69.80
12/15/2021 06:29:03,50.00,69.80
12/15/2021 06:29:33,50.00,69.80
12/15/2021 06:30:08,50.00,69.80
12/15/2021 06:30:41,50.00,69.80
12/15/2021 06:31:06,50.00,69.80
12/15/2021 06:31:36,50.00,69.80
12/15/2021 06:32:03,50.00,69.80
12/15/2021 06:32:33,50.00,69.80
12/15/2021 06:33:03,50.00,69.80
12/15/2021 06:33:33,50.00,69.80
12/15/2021 06:34:06,50.00,69.80
12/15/2021 06:34:38,50.00,69.80
12/15/2021 06:35:03,50.00,69.80
12/15/2021 06:35:38,50.00,69.80
12/15/2021 06:36:03,50.00,69.80
12/15/2021 06:36:33,50.00,69.80
12/15/2021 06:37:21,50.00,69.80
12/15/2021 06:37:33,50.00,69.80
12/15/2021 06:38:03,50.00,69.80
12/15/2021 06:38:33,50.00,69.80
12/15/2021 06:39:03,50.00,69.80
12/15/2021 06:39:33,50.00,69.80
12/15/2021 06:40:03,50.00,69.80
12/15/2021 06:40:38,50.00,69.80
12/15/2021 06:41:03,50.00,69.80
12/15/2021 06:41:38,50.00,69.80
12/15/2021 06:42:03,50.00,69.00
12/15/2021 06:42:33,50.00,69.80
12/15/2021 06:43:03,50.00,69.80
12/15/2021 06:43:36,50.00,69.80
12/15/2021 06:44:03,50.00,69.80
12/15/2021 06:44:33,50.00,69.80
12/15/2021 06:45:06,50.00,69.80
12/15/2021 06:45:33,50.00,69.80
12/15/2021 06:46:08,50.00,69.80
12/15/2021 06:46:33,50.00,69.80
12/15/2021 06:47:03,50.00,69.80
12/15/2021 06:47:33,50.00,69.80
12/15/2021 06:48:03,50.00,69.80
12/15/2021 06:48:36,50.00,69.80
12/15/2021 06:49:03,50.00,69.80
12/15/2021 06:49:33,50.00,69.80
12/15/2021 06:50:03,50.00,69.80
12/15/2021 06:50:36,50.00,69.80
12/15/2021 06:51:08,50.00,69.80
12/15/2021 06:51:41,50.00,69.80
12/15/2021 06:52:06,50.00,69.80
12/15/2021 06:52:44,50.00,69.80
12/15/2021 06:53:03,50.00,69.80
12/15/2021 06:53:36,50.00,69.80
12/15/2021 06:54:03,50.00,69.80
12/15/2021 06:54:33,50.00,69.80
12/15/2021 06:55:06,50.00,69.80
12/15/2021 06:55:33,50.00,69.80
12/15/2021 06:56:03,50.00,69.80
12/15/2021 06:56:33,50.00,69.80
12/15/2021 06:57:06,50.00,69.80
12/15/2021 06:57:41,50.00,69.80
12/15/2021 06:58:08,49.00,69.80
12/15/2021 06:58:36,50.00,69.80
12/15/2021 06:59:03,50.00,69.80
12/15/2021 06:59:33,50.00,69.80
12/15/2021 07:00:06,50.00,69.80
12/15/2021 07:00:36,50.00,69.80
12/15/2021 07:01:03,50.00,69.80
12/15/2021 07:01:36,50.00,69.80
12/15/2021 07:02:06,50.00,69.80
12/15/2021 07:02:33,50.00,69.80
12/15/2021 07:03:08,50.00,69.80
12/15/2021 07:03:33,50.00,69.80
12/15/2021 07:04:03,50.00,69.80
12/15/2021 07:04:44,50.00,69.80
12/15/2021 07:05:03,50.00,69.80
12/15/2021 07:05:33,50.00,69.80
12/15/2021 07:06:03,51.00,69.80
12/15/2021 07:06:33,51.00,69.80
12/15/2021 07:07:14,51.00,69.80
12/15/2021 07:07:36,51.00,69.80
12/15/2021 07:08:08,51.00,69.80
12/15/2021 07:08:36,51.00,69.80
12/15/2021 07:09:03,51.00,69.80
12/15/2021 07:09:38,51.00,69.80
12/15/2021 07:10:03,51.00,69.80
12/15/2021 07:10:33,51.00,69.80
12/15/2021 07:11:19,51.00,69.80
12/15/2021 07:11:33,51.00,69.80
12/15/2021 07:12:11,51.00,69.80
12/15/2021 07:12:41,51.00,69.80
12/15/2021 07:13:03,51.00,69.80
12/15/2021 07:13:38,51.00,69.80
12/15/2021 07:14:03,51.00,69.80
12/15/2021 07:14:36,51.00,69.80
12/15/2021 07:15:11,51.00,69.80
12/15/2021 07:15:33,51.00,69.80
12/15/2021 07:16:03,51.00,69.80
12/15/2021 07:16:36,51.00,69.80
12/15/2021 07:17:03,51.00,69.80
12/15/2021 07:17:33,51.00,69.80
12/15/2021 07:18:03,51.00,69.80
12/15/2021 07:18:33,51.00,69.80
12/15/2021 07:19:06,51.00,69.80
12/15/2021 07:19:41,51.00,69.80
12/15/2021 07:20:06,51.00,69.80
12/15/2021 07:20:41,50.00,69.80
12/15/2021 07:21:03,50.00,69.80
12/15/2021 07:21:33,51.00,69.80
12/15/2021 07:22:06,51.00,69.80
12/15/2021 07:22:38,50.00,69.80
12/15/2021 07:23:03,50.00,69.80
12/15/2021 07:23:33,50.00,69.00
12/15/2021 07:24:06,50.00,69.80
12/15/2021 07:24:41,50.00,69.80
12/15/2021 07:25:08,50.00,69.80
12/15/2021 07:25:38,50.00,69.80
12/15/2021 08:24:25,49.00,71.60
12/15/2021 08:25:01,50.00,69.80
12/15/2021 08:25:24,50.00,69.80
12/15/2021 08:25:54,50.00,69.80
12/15/2021 08:26:26,50.00,69.80
12/15/2021 08:26:56,50.00,69.80
12/15/2021 08:27:26,50.00,69.80
12/15/2021 08:27:54,50.00,69.80
12/15/2021 08:28:24,50.00,69.80
12/15/2021 08:28:54,52.00,69.80
12/15/2021 08:29:26,51.00,69.80
12/15/2021 08:30:01,50.00,69.80
12/15/2021 08:30:24,50.00,69.80
12/15/2021 08:30:54,50.00,69.80
12/15/2021 08:31:29,51.00,69.80
12/15/2021 08:31:56,52.00,69.80
12/15/2021 08:32:29,51.00,69.80
12/15/2021 08:32:54,51.00,69.80
12/15/2021 08:33:24,52.00,69.80
12/15/2021 08:33:59,51.00,69.80
12/15/2021 08:34:24,51.00,69.80
12/15/2021 08:34:56,51.00,69.80
12/15/2021 08:35:24,50.00,69.80
12/15/2021 08:35:54,50.00,69.80
12/15/2021 08:36:29,50.00,69.80
12/15/2021 08:36:56,50.00,69.80
12/15/2021 08:37:29,50.00,69.80
12/15/2021 08:37:54,50.00,69.80
12/15/2021 08:38:24,50.00,69.80
12/15/2021 08:39:07,50.00,69.80
12/15/2021 08:39:34,50.00,69.80
12/15/2021 08:39:59,50.00,69.80
12/15/2021 08:40:26,50.00,69.80
12/15/2021 08:40:54,50.00,69.80
12/15/2021 08:41:29,50.00,69.80
12/15/2021 08:41:54,50.00,69.80
12/15/2021 08:42:31,50.00,69.80
12/15/2021 08:42:54,50.00,69.80
12/15/2021 08:43:26,50.00,69.80
12/15/2021 08:43:59,50.00,69.80
12/15/2021 08:44:26,50.00,69.80
12/15/2021 08:44:54,50.00,69.80
12/15/2021 08:45:26,50.00,69.80
12/15/2021 08:45:54,50.00,69.80
12/15/2021 08:46:26,50.00,69.80
12/15/2021 08:47:01,50.00,69.80
12/15/2021 08:47:24,50.00,69.80
12/15/2021 08:47:56,50.00,69.80
12/15/2021 08:48:26,50.00,69.80
12/15/2021 08:48:56,50.00,69.80
12/15/2021 08:49:31,51.00,69.80
12/15/2021 08:49:56,50.00,69.80
12/15/2021 08:50:26,50.00,69.80
12/15/2021 08:50:54,50.00,69.80
12/15/2021 08:51:24,50.00,69.80
12/15/2021 08:51:56,50.00,69.80
12/15/2021 08:52:24,50.00,69.80
12/15/2021 08:52:59,50.00,69.80
12/15/2021 08:53:24,50.00,69.80
12/15/2021 08:53:54,50.00,69.80
12/15/2021 08:54:24,50.00,69.80
12/15/2021 08:54:59,50.00,69.80
12/15/2021 08:55:34,50.00,69.80
12/15/2021 08:55:56,50.00,69.80
12/15/2021 08:56:31,50.00,69.80
12/15/2021 08:56:54,50.00,69.80
12/15/2021 08:57:26,50.00,69.80
12/15/2021 08:57:54,50.00,69.80
12/15/2021 08:58:24,50.00,69.80
12/15/2021 08:58:59,50.00,69.80
12/15/2021 08:59:24,50.00,69.80
12/15/2021 08:59:54,50.00,69.80
12/15/2021 09:00:26,50.00,69.80
12/15/2021 09:00:54,50.00,69.80
12/15/2021 09:01:26,50.00,69.80
12/15/2021 09:01:54,50.00,69.80
12/15/2021 09:02:24,50.00,69.80
12/15/2021 09:02:54,50.00,69.80
12/15/2021 09:03:24,50.00,69.80
12/15/2021 09:03:59,50.00,69.80
12/15/2021 09:04:24,50.00,69.80
12/15/2021 09:04:54,50.00,69.80
12/15/2021 09:05:26,50.00,69.80
12/15/2021 09:05:56,50.00,69.80
12/15/2021 09:06:29,50.00,69.80
12/15/2021 09:06:56,50.00,69.80
12/15/2021 09:07:24,50.00,69.80
12/15/2021 09:07:54,50.00,69.80
12/15/2021 09:08:24,50.00,69.80
12/15/2021 09:08:54,50.00,69.80
12/15/2021 09:09:26,51.00,69.80
12/15/2021 09:09:56,51.00,69.80
12/15/2021 09:10:26,51.00,69.80
12/15/2021 09:10:59,50.00,69.80
12/15/2021 09:11:26,51.00,69.80
12/15/2021 09:11:56,51.00,69.80
12/15/2021 09:12:26,51.00,69.80
12/15/2021 09:13:09,49.00,69.80
12/15/2021 09:13:24,51.00,69.80
12/15/2021 09:14:12,51.00,69.80
12/15/2021 09:14:52,51.00,69.80
12/15/2021 09:14:54,50.00,69.80
12/15/2021 09:15:24,50.00,69.80
12/15/2021 09:15:56,51.00,69.80
12/15/2021 09:16:31,51.00,69.80
12/15/2021 10:09:16,50.00,69.80
12/15/2021 10:09:48,55.00,69.80
12/15/2021 10:10:28,55.00,69.80
12/15/2021 10:10:45,55.00,69.80
12/15/2021 10:11:15,55.00,69.80
12/15/2021 10:28:45,54.00,69.80
12/15/2021 10:29:19,52.00,71.60
12/15/2021 15:34:10,56.00,71.60
12/15/2021 15:37:11,56.00,71.60
12/15/2021 15:37:53,55.00,71.60
12/15/2021 15:38:42,55.00,71.60
12/15/2021 15:39:06,55.00,71.60
12/15/2021 15:39:33,55.00,71.60
12/15/2021 15:40:22,55.00,71.60
12/15/2021 15:41:11,55.00,71.60
12/15/2021 15:42:07,55.00,71.60
12/15/2021 15:42:42,55.00,71.60
12/15/2021 15:43:29,55.00,71.60
12/15/2021 15:44:03,56.00,71.60
12/15/2021 15:44:36,56.00,71.60
12/15/2021 15:45:10,56.00,71.60
12/15/2021 15:45:54,55.00,71.60
12/15/2021 15:46:26,55.00,71.60
12/15/2021 15:47:05,55.00,73.40
12/15/2021 15:47:50,55.00,73.40
12/15/2021 15:48:42,55.00,71.60
12/15/2021 15:49:22,55.00,71.60
12/15/2021 15:50:13,54.00,73.40
12/15/2021 15:50:32,54.00,71.60
12/15/2021 15:51:08,55.00,71.60
12/15/2021 15:52:05,56.00,71.60
12/15/2021 15:52:37,55.00,71.60
12/15/2021 15:53:26,56.00,71.60
12/15/2021 15:53:58,56.00,71.60
12/15/2021 15:54:14,56.00,71.60
12/15/2021 15:54:48,56.00,71.60
12/15/2021 15:55:26,56.00,71.60
12/15/2021 15:56:11,56.00,71.60
12/15/2021 15:56:56,56.00,71.60
12/15/2021 15:57:41,56.00,71.60
12/15/2021 15:58:23,56.00,71.60
12/15/2021 15:59:09,56.00,71.60
12/15/2021 15:59:43,56.00,71.60
12/15/2021 16:00:19,56.00,71.60
12/15/2021 16:01:05,56.00,71.60
12/15/2021 16:01:44,55.00,71.60
12/15/2021 16:02:24,55.00,71.60
12/15/2021 16:02:58,56.00,71.60
12/15/2021 16:03:36,56.00,71.60
12/15/2021 16:04:16,56.00,71.60
12/15/2021 16:04:50,56.00,71.60
12/15/2021 16:05:23,55.00,71.60
12/15/2021 16:05:57,56.00,71.60
12/15/2021 16:06:31,56.00,71.60
12/15/2021 16:07:05,56.00,71.60
12/15/2021 16:07:38,56.00,71.60
12/15/2021 16:08:12,56.00,71.60
12/15/2021 16:08:48,56.00,71.60
12/15/2021 16:09:35,56.00,71.60
12/15/2021 16:10:16,56.00,71.60
12/15/2021 16:10:43,56.00,71.60
12/15/2021 16:11:32,56.00,71.60
12/15/2021 16:12:29,56.00,71.60
12/15/2021 16:13:04,56.00,71.60
12/15/2021 16:13:50,56.00,71.60
12/15/2021 16:14:24,56.00,71.60
12/15/2021 16:15:00,57.00,71.60
12/15/2021 16:15:52,57.00,71.60
12/15/2021 16:16:31,58.00,71.60
12/15/2021 16:17:05,57.00,71.60
12/15/2021 16:17:39,57.00,71.60
12/15/2021 16:18:13,57.00,71.60
12/15/2021 16:18:49,57.00,71.60
12/15/2021 16:19:40,57.00,71.60
12/15/2021 16:20:20,57.00,71.60
12/15/2021 16:20:54,57.00,71.60
12/15/2021 16:21:27,57.00,71.60
12/15/2021 16:22:06,56.00,71.60
12/15/2021 16:22:46,56.00,71.60
12/15/2021 16:23:20,56.00,71.60
12/15/2021 16:23:58,56.00,71.60
12/15/2021 16:24:38,56.00,71.60
12/15/2021 16:25:19,56.00,71.60
12/15/2021 16:25:44,56.00,71.60
12/15/2021 16:26:20,56.00,71.60
12/15/2021 16:27:07,56.00,71.60
12/15/2021 16:27:46,56.00,71.60
12/15/2021 16:28:25,56.00,71.60
12/15/2021 16:28:59,56.00,71.60
12/15/2021 16:29:33,56.00,71.60
12/15/2021 16:30:07,55.00,71.60
12/15/2021 16:30:45,56.00,71.60
12/15/2021 16:31:27,56.00,71.60
12/15/2021 16:32:19,56.00,71.60
12/15/2021 16:33:11,55.00,71.60
12/15/2021 16:33:51,55.00,71.60
12/15/2021 16:34:25,55.00,71.60
12/15/2021 16:34:59,56.00,71.60
12/15/2021 16:35:38,55.00,71.60
12/15/2021 16:36:17,55.00,71.60
12/15/2021 16:36:59,55.00,71.60
12/15/2021 16:37:23,55.00,71.60
12/15/2021 16:37:57,55.00,71.60
12/15/2021 16:38:33,55.00,71.60
12/15/2021 16:39:20,56.00,71.60
12/15/2021 16:39:56,56.00,71.60
12/15/2021 16:40:42,56.00,71.60
12/15/2021 16:41:16,56.00,71.60
12/15/2021 16:41:50,56.00,71.60
12/15/2021 16:42:31,56.00,71.60
12/15/2021 16:42:56,56.00,71.60
12/15/2021 16:43:30,55.00,71.60
12/15/2021 16:44:04,55.00,71.60
12/15/2021 16:44:42,55.00,71.60
12/15/2021 16:45:22,55.00,71.60
12/15/2021 16:45:56,55.00,71.60
12/15/2021 16:46:32,56.00,71.60
12/15/2021 16:47:21,55.00,71.60
12/15/2021 16:48:07,55.00,71.60
12/15/2021 16:48:41,56.00,71.60
12/15/2021 16:49:20,56.00,71.60
12/15/2021 16:49:59,56.00,71.60
12/15/2021 16:50:33,56.00,71.60
12/15/2021 16:51:07,56.00,71.60
12/15/2021 16:51:41,56.00,71.60
12/15/2021 16:52:17,56.00,71.60
12/15/2021 16:53:13,56.00,71.60
12/15/2021 16:53:46,56.00,71.60
12/15/2021 16:54:20,56.00,71.60
12/15/2021 16:54:53,56.00,71.60
12/15/2021 16:55:30,56.00,71.60
12/15/2021 16:56:16,56.00,71.60
12/15/2021 16:56:50,56.00,71.60
12/15/2021 16:57:26,56.00,71.60
12/15/2021 16:58:12,56.00,71.60
12/15/2021 16:58:46,56.00,71.60
12/15/2021 16:59:22,56.00,71.60
12/15/2021 17:00:09,56.00,71.60
12/15/2021 17:00:45,57.00,71.60
12/15/2021 17:01:31,57.00,71.60
12/15/2021 17:02:10,56.00,71.60
12/15/2021 17:02:50,56.00,71.60
12/15/2021 17:03:24,56.00,71.60
12/15/2021 17:04:00,56.00,71.60
12/15/2021 17:04:46,56.00,71.60
12/15/2021 17:05:23,56.00,71.60
12/15/2021 17:06:09,56.00,71.60
12/15/2021 17:06:48,55.00,71.60
12/15/2021 17:07:35,55.00,71.60
12/15/2021 17:08:00,55.00,71.60
12/15/2021 17:08:41,56.00,71.60
12/15/2021 17:09:14,56.00,71.60
12/15/2021 17:09:39,56.00,71.60
12/15/2021 17:10:22,56.00,71.60
12/15/2021 17:10:55,56.00,71.60
12/15/2021 17:11:31,56.00,71.60
12/15/2021 17:12:20,56.00,71.60
12/15/2021 17:13:06,55.00,71.60
12/15/2021 17:13:45,55.00,71.60
12/15/2021 17:14:27,56.00,71.60
12/15/2021 17:14:52,56.00,71.60
12/15/2021 17:15:50,55.00,71.60
12/15/2021 17:16:30,55.00,71.60
12/15/2021 17:17:04,55.00,71.60
12/15/2021 17:17:40,56.00,71.60
12/15/2021 17:18:26,56.00,71.60
12/15/2021 17:19:03,56.00,71.60
12/15/2021 17:19:54,55.00,71.60
12/15/2021 17:20:36,56.00,71.60
12/15/2021 17:21:23,56.00,71.60
12/15/2021 17:21:56,56.00,71.60
12/15/2021 17:22:33,56.00,71.60
12/15/2021 17:23:19,56.00,71.60
12/15/2021 17:23:53,55.00,71.60
12/15/2021 17:24:27,55.00,71.60
12/15/2021 17:25:00,55.00,71.60
12/15/2021 17:25:34,55.00,71.60
12/15/2021 17:26:08,55.00,71.60
12/15/2021 17:26:47,55.00,71.60
12/15/2021 17:27:26,55.00,71.60
12/15/2021 17:28:00,56.00,71.60
12/15/2021 17:28:36,57.00,71.60
12/15/2021 17:29:28,57.00,71.60
12/15/2021 17:30:12,56.00,71.60
12/15/2021 17:31:07,56.00,71.60
12/15/2021 17:31:26,55.00,71.60
12/15/2021 17:32:17,54.00,71.60
12/15/2021 17:32:57,54.00,71.60
12/15/2021 17:33:36,54.00,71.60
12/15/2021 17:34:20,54.00,71.60
12/15/2021 17:35:03,54.00,71.60
12/15/2021 17:36:07,53.00,71.60
12/15/2021 17:36:25,53.00,71.60
12/15/2021 17:37:02,54.00,71.60
12/15/2021 17:37:48,54.00,71.60
12/15/2021 17:38:22,54.00,71.60
12/15/2021 17:38:56,54.00,71.60
12/15/2021 17:39:32,55.00,71.60
12/15/2021 17:40:21,55.00,71.60
12/15/2021 17:41:07,55.00,71.60
12/15/2021 17:41:41,55.00,71.60
12/15/2021 17:42:15,55.00,71.60
12/15/2021 17:42:48,55.00,71.60
12/15/2021 17:43:22,55.00,71.60
12/15/2021 17:43:58,55.00,71.60
12/15/2021 17:44:47,55.00,71.60
12/15/2021 17:45:36,56.00,71.60
12/15/2021 17:46:23,56.00,71.60
12/15/2021 17:46:59,56.00,71.60
12/15/2021 17:47:48,56.00,71.60
12/15/2021 17:48:37,56.00,71.60
12/15/2021 17:49:25,56.00,71.60
12/15/2021 17:50:27,55.00,71.60
12/15/2021 17:50:46,55.00,71.60
12/15/2021 17:51:35,55.00,71.60
12/15/2021 17:52:26,55.00,71.60
12/15/2021 17:53:13,56.00,71.60
12/15/2021 17:53:38,56.00,71.60
12/15/2021 17:54:20,55.00,71.60
12/15/2021 17:54:44,55.00,71.60
12/15/2021 17:55:18,55.00,71.60
12/15/2021 17:55:52,55.00,71.60
12/15/2021 17:56:26,55.00,71.60
12/15/2021 17:57:02,55.00,71.60
12/15/2021 17:57:58,55.00,71.60
12/15/2021 17:58:31,55.00,71.60
12/15/2021 17:59:10,56.00,71.60
12/15/2021 17:59:49,56.00,71.60
12/15/2021 18:00:23,56.00,71.60
12/15/2021 18:00:59,57.00,71.60
12/15/2021 18:01:45,57.00,71.60
12/15/2021 18:02:19,57.00,71.60
12/15/2021 18:02:53,57.00,71.60
12/15/2021 18:03:27,57.00,71.60
12/15/2021 18:04:00,57.00,71.60
12/15/2021 18:04:39,57.00,71.60
12/15/2021 18:05:19,57.00,71.60
12/15/2021 18:06:08,56.00,71.60
12/15/2021 18:06:29,56.00,71.60
12/15/2021 18:07:09,56.00,71.60
12/15/2021 18:07:42,56.00,71.60
12/15/2021 18:08:19,56.00,71.60
12/15/2021 18:09:10,56.00,71.60
12/15/2021 18:09:50,57.00,71.60
12/15/2021 18:10:26,56.00,71.60
12/15/2021 18:11:20,56.00,71.60
12/15/2021 18:11:50,56.00,71.60
12/15/2021 18:12:29,56.00,71.60
12/15/2021 18:13:03,57.00,71.60
12/15/2021 18:13:37,56.00,71.60
12/15/2021 18:14:11,57.00,71.60
12/15/2021 18:14:44,57.00,71.60
12/15/2021 18:15:31,57.00,71.60
12/15/2021 18:16:11,56.00,71.60
12/15/2021 18:16:47,57.00,71.60
12/15/2021 18:17:36,57.00,71.60
12/15/2021 18:18:22,57.00,71.60
12/15/2021 18:18:56,57.00,71.60
12/15/2021 18:19:35,58.00,71.60
12/15/2021 18:20:15,58.00,71.60
12/15/2021 18:20:48,57.00,71.60
12/15/2021 18:21:22,57.00,71.60
12/15/2021 18:22:01,57.00,71.60
12/15/2021 18:22:40,57.00,71.60
12/15/2021 18:23:14,57.00,71.60
12/15/2021 18:23:48,57.00,71.60
12/15/2021 18:24:24,57.00,71.60
12/15/2021 18:25:13,56.00,71.60
12/15/2021 18:26:02,56.00,71.60
12/15/2021 18:26:48,56.00,71.60
12/15/2021 18:27:22,57.00,71.60
12/15/2021 18:27:58,57.00,71.60
12/15/2021 18:28:50,57.00,71.60
12/15/2021 18:29:32,57.00,71.60
12/15/2021 18:30:18,57.00,71.60
12/15/2021 18:31:00,57.00,71.60
12/15/2021 18:31:32,57.00,71.60
12/15/2021 18:31:57,57.00,71.60
12/15/2021 18:32:31,57.00,71.60
12/15/2021 18:33:15,57.00,71.60
12/15/2021 18:33:52,57.00,71.60
12/15/2021 18:34:32,56.00,71.60
12/15/2021 18:35:05,56.00,71.60
12/15/2021 18:35:42,56.00,71.60
12/15/2021 18:36:28,56.00,71.60
12/15/2021 18:37:02,56.00,71.60
12/15/2021 18:37:36,56.00,71.60
12/15/2021 18:38:17,55.00,71.60
12/15/2021 18:38:42,55.00,71.60
12/15/2021 18:39:18,55.00,71.60
12/15/2021 18:40:04,55.00,71.60
12/15/2021 18:40:38,55.00,71.60
12/15/2021 18:41:14,55.00,71.60
12/15/2021 18:42:06,55.00,71.60
12/15/2021 18:42:58,54.00,71.60
12/15/2021 18:43:41,55.00,71.60
12/15/2021 18:44:27,55.00,71.60
12/15/2021 18:45:03,55.00,71.60
12/15/2021 18:45:50,55.00,71.60
12/15/2021 18:46:23,55.00,71.60
12/15/2021 18:47:00,54.00,71.60
12/15/2021 18:47:49,54.00,71.60
12/15/2021 18:48:35,54.00,71.60
12/15/2021 18:49:14,54.00,71.60
12/15/2021 18:49:56,54.00,71.60
12/15/2021 18:50:52,54.00,71.60
12/15/2021 18:51:27,54.00,71.60
12/15/2021 18:52:19,54.00,71.60
12/15/2021 18:52:58,54.00,71.60
12/15/2021 18:53:32,54.00,71.60
12/15/2021 18:54:11,54.00,71.60
12/15/2021 18:54:51,54.00,71.60
12/15/2021 18:55:27,55.00,71.60
12/15/2021 18:56:18,55.00,71.60
12/15/2021 18:57:05,55.00,71.60
12/15/2021 18:57:30,55.00,71.60
12/15/2021 18:58:09,54.00,71.60
12/15/2021 18:58:54,54.00,71.60
12/15/2021 18:59:33,54.00,71.60
12/15/2021 19:00:07,54.00,71.60
12/15/2021 19:00:41,54.00,71.60
12/15/2021 19:01:15,54.00,71.60
12/15/2021 19:01:48,54.00,71.60
12/15/2021 19:02:22,54.00,71.60
12/15/2021 19:02:58,54.00,71.60
12/15/2021 19:03:45,54.00,71.60
12/15/2021 19:04:18,54.00,71.60
12/15/2021 19:04:55,54.00,71.60
12/15/2021 19:05:41,54.00,71.60
12/15/2021 19:06:17,53.00,71.60
12/15/2021 19:07:04,53.00,71.60
12/15/2021 19:07:45,53.00,71.60
12/15/2021 19:08:10,53.00,71.60
12/15/2021 19:08:46,53.00,71.60
12/15/2021 19:09:32,53.00,71.60
12/15/2021 19:10:06,54.00,71.60
12/15/2021 19:10:42,53.00,71.60
12/15/2021 19:11:29,53.00,73.40
12/15/2021 19:12:03,53.00,71.60
12/15/2021 19:12:41,52.00,71.60
12/15/2021 19:13:24,53.00,71.60
12/15/2021 19:14:10,52.00,71.60
12/15/2021 19:14:44,53.00,71.60
12/15/2021 19:15:18,53.00,71.60
12/15/2021 19:15:51,52.00,71.60
12/15/2021 19:16:25,52.00,71.60
12/15/2021 19:16:59,52.00,71.60
12/15/2021 19:17:32,52.00,71.60
12/15/2021 19:18:06,52.00,71.60
12/15/2021 19:18:42,53.00,71.60
12/15/2021 19:19:31,53.00,71.60
12/15/2021 19:20:18,53.00,71.60
12/15/2021 19:20:52,53.00,71.60
12/15/2021 19:21:25,52.00,71.60
12/15/2021 19:22:02,52.00,71.60
12/15/2021 19:22:48,52.00,71.60
12/15/2021 19:23:22,52.00,71.60
12/15/2021 19:23:55,52.00,71.60
12/15/2021 19:24:29,52.00,71.60
12/15/2021 19:25:11,52.00,71.60
12/15/2021 19:25:43,51.00,71.60
12/15/2021 19:26:10,52.00,71.60
12/15/2021 19:26:57,52.00,71.60
12/15/2021 19:27:31,52.00,71.60
12/15/2021 19:28:04,52.00,71.60
12/15/2021 19:28:43,51.00,71.60
12/15/2021 19:29:23,51.00,71.60
12/15/2021 19:29:59,52.00,71.60
12/15/2021 19:30:45,51.00,71.60
12/15/2021 19:31:19,51.00,71.60
12/15/2021 19:31:53,51.00,71.60
12/15/2021 19:32:26,51.00,71.60
12/15/2021 19:33:00,51.00,71.60
12/15/2021 19:33:34,51.00,71.60
12/15/2021 19:34:08,51.00,71.60
12/15/2021 19:34:44,51.00,71.60
12/15/2021 19:35:30,51.00,71.60
12/15/2021 19:36:04,51.00,71.60
12/15/2021 19:36:43,51.00,71.60
12/15/2021 19:37:38,51.00,73.40
12/15/2021 19:37:54,51.00,71.60
12/15/2021 19:38:30,51.00,71.60
12/15/2021 19:39:17,51.00,71.60
12/15/2021 19:40:06,51.00,71.60
12/15/2021 19:40:22,51.00,71.60
12/15/2021 19:40:55,51.00,71.60
12/15/2021 19:41:32,51.00,71.60
12/15/2021 19:42:18,51.00,71.60
12/15/2021 19:42:54,51.00,71.60
12/15/2021 19:43:41,51.00,71.60
12/15/2021 19:44:17,51.00,71.60
12/15/2021 19:45:03,51.00,71.60
12/15/2021 19:45:45,51.00,71.60
12/15/2021 19:46:10,51.00,71.60
12/15/2021 19:46:43,51.00,71.60
12/15/2021 19:47:17,51.00,71.60
12/15/2021 19:47:53,51.00,71.60
12/15/2021 19:48:47,51.00,71.60
12/15/2021 19:49:12,51.00,71.60
12/15/2021 19:49:49,51.00,71.60
12/15/2021 19:50:35,51.00,71.60
12/15/2021 19:51:19,52.00,71.60
12/15/2021 19:51:59,51.00,71.60
12/15/2021 19:52:29,51.00,71.60
12/15/2021 19:53:19,51.00,71.60
12/15/2021 19:53:51,51.00,71.60
12/15/2021 19:54:27,51.00,71.60
12/15/2021 19:55:16,51.00,71.60
12/15/2021 19:56:03,51.00,71.60
12/15/2021 19:56:41,51.00,71.60
12/15/2021 19:57:23,51.00,71.60
12/15/2021 19:58:23,51.00,71.60
12/15/2021 19:59:13,51.00,71.60
12/15/2021 19:59:45,51.00,71.60
12/15/2021 20:00:21,51.00,71.60
12/15/2021 20:01:13,51.00,71.60
12/15/2021 22:18:16,52.00,71.60
12/15/2021 22:19:04,51.00,71.60
12/15/2021 22:19:44,51.00,71.60
12/15/2021 22:20:51,51.00,71.60
12/15/2021 22:20:54,51.00,71.60
12/15/2021 22:21:43,51.00,71.60
12/15/2021 22:22:32,51.00,71.60
12/15/2021 22:23:18,51.00,71.60
12/15/2021 22:24:10,51.00,71.60
12/15/2021 22:24:28,51.00,71.60
12/15/2021 22:25:05,51.00,71.60
12/15/2021 22:25:56,51.00,71.60
12/15/2021 22:26:36,51.00,71.60
12/15/2021 22:27:09,51.00,71.60
12/15/2021 22:27:46,51.00,71.60
12/15/2021 22:28:35,51.00,71.60
12/15/2021 22:29:21,51.00,71.60
12/15/2021 22:29:55,51.00,71.60
12/15/2021 22:30:28,51.00,71.60
12/15/2021 22:31:05,51.00,71.60
12/15/2021 22:31:56,51.00,71.60
12/15/2021 22:32:38,51.00,71.60
12/15/2021 22:33:25,51.00,71.60
12/15/2021 22:34:16,51.00,71.60
12/15/2021 22:34:35,51.00,71.60
12/15/2021 22:35:08,51.00,71.60
12/15/2021 22:35:45,51.00,71.60
12/15/2021 22:36:31,51.00,71.60
12/15/2021 22:37:10,51.00,71.60
12/15/2021 22:37:57,51.00,71.60
12/15/2021 22:38:22,51.00,71.60
12/15/2021 22:38:56,51.00,71.60
12/15/2021 22:39:29,51.00,71.60
12/15/2021 22:40:03,51.00,71.60
12/15/2021 22:40:39,51.00,71.60
12/15/2021 22:41:26,51.00,71.60
12/15/2021 22:42:05,51.00,71.60
12/15/2021 22:42:44,51.00,71.60
12/15/2021 22:43:18,51.00,71.60
12/15/2021 22:43:52,51.00,71.60
12/15/2021 22:44:26,51.00,71.60
12/15/2021 22:44:59,51.00,71.60
12/15/2021 22:45:33,51.00,71.60
12/15/2021 22:46:09,51.00,71.60
12/15/2021 22:46:56,51.00,71.60
12/15/2021 22:47:29,51.00,71.60
12/15/2021 22:48:03,52.00,71.60
12/15/2021 22:48:39,52.00,71.60
12/15/2021 22:49:28,51.00,71.60
12/15/2021 22:50:15,50.00,69.80
12/15/2021 22:50:48,50.00,69.80
12/15/2021 22:51:22,50.00,69.80
12/15/2021 22:52:03,51.00,71.60
12/15/2021 22:52:31,50.00,69.80
12/15/2021 22:53:20,50.00,69.80
12/15/2021 22:54:06,51.00,71.60
12/15/2021 22:54:47,50.00,69.80
12/15/2021 22:55:12,50.00,69.80
12/15/2021 22:55:49,50.00,69.80
12/15/2021 22:56:35,50.00,69.80
12/15/2021 22:57:11,51.00,71.60
12/15/2021 22:57:58,51.00,71.60
12/15/2021 22:58:31,50.00,69.80
12/15/2021 22:59:05,50.00,69.80
12/15/2021 22:59:41,50.00,69.80
12/15/2021 23:00:35,50.00,69.80
12/15/2021 23:01:00,51.00,71.60
12/15/2021 23:01:34,50.00,69.80
12/15/2021 23:02:10,50.00,69.80
12/15/2021 23:02:57,50.00,69.80
12/15/2021 23:03:30,50.00,69.80
12/15/2021 23:04:04,50.00,69.80
12/15/2021 23:04:40,50.00,69.80
12/15/2021 23:05:29,50.00,69.80
12/15/2021 23:06:23,50.00,69.80
12/15/2021 23:06:56,50.00,69.80
12/15/2021 23:07:20,51.00,71.60
12/15/2021 23:07:54,50.00,69.80
12/15/2021 23:08:28,50.00,69.80
12/15/2021 23:09:02,50.00,69.80
12/15/2021 23:09:35,50.00,69.80
12/15/2021 23:10:14,50.00,69.80
12/15/2021 23:10:54,50.00,69.80
12/15/2021 23:11:30,50.00,69.80
12/15/2021 23:12:19,50.00,69.80
12/15/2021 23:13:05,50.00,69.80
12/15/2021 23:13:39,50.00,69.80
12/15/2021 23:14:15,50.00,69.80
12/15/2021 23:15:04,50.00,69.80
12/15/2021 23:15:51,50.00,69.80
12/15/2021 23:16:27,50.00,69.80
12/15/2021 23:17:31,51.00,71.60
12/15/2021 23:18:03,50.00,69.80
12/15/2021 23:18:43,51.00,71.60
12/15/2021 23:19:19,50.00,69.80
12/15/2021 23:20:20,51.00,71.60
12/15/2021 23:20:37,50.00,69.80
12/15/2021 23:21:13,50.00,69.80
12/15/2021 23:22:04,50.00,69.80
12/15/2021 23:22:44,50.00,69.80
12/15/2021 23:23:18,50.00,69.80
12/15/2021 23:23:59,50.00,69.80
12/15/2021 23:24:29,50.00,69.80
12/15/2021 23:25:11,50.00,69.80
12/15/2021 23:26:00,50.00,69.80
12/15/2021 23:26:51,50.00,69.80
12/15/2021 23:27:31,50.00,69.80
12/15/2021 23:28:05,50.00,69.80
12/15/2021 23:28:51,50.00,69.80
12/15/2021 23:29:31,50.00,69.80
12/15/2021 23:30:05,50.00,69.80
12/15/2021 23:30:38,50.00,69.80
12/15/2021 23:31:12,50.00,69.80
12/15/2021 23:31:53,50.00,69.80
12/15/2021 23:32:18,50.00,69.80
12/15/2021 23:32:52,50.00,69.80
12/15/2021 23:33:28,50.00,69.80
12/15/2021 23:34:15,50.00,69.80
12/15/2021 23:34:53,50.00,69.80
12/15/2021 23:35:38,50.00,69.80
12/15/2021 23:36:18,50.00,69.80
12/15/2021 23:36:54,50.00,69.80
12/15/2021 23:37:58,50.00,69.80
12/15/2021 23:38:22,50.00,69.80
12/15/2021 23:39:04,50.00,69.80
12/15/2021 23:39:53,50.00,69.80
12/15/2021 23:40:39,50.00,69.80
12/15/2021 23:41:13,50.00,69.80
12/15/2021 23:41:50,50.00,69.80
12/15/2021 23:42:36,50.00,69.80
12/15/2021 23:43:15,50.00,69.80
12/15/2021 23:43:57,50.00,69.80
12/15/2021 23:44:44,50.00,69.80
12/15/2021 23:45:17,50.00,69.80
12/15/2021 23:45:51,50.00,69.80
12/15/2021 23:46:30,50.00,69.80
12/15/2021 23:47:10,50.00,69.80
12/15/2021 23:47:53,50.00,69.80
12/15/2021 23:48:26,50.00,69.80
12/15/2021 23:49:00,50.00,69.80
12/15/2021 23:49:33,50.00,69.80
12/15/2021 23:50:12,50.00,69.80
12/15/2021 23:50:52,50.00,69.80
12/15/2021 23:51:25,50.00,69.80
12/15/2021 23:51:59,50.00,69.80
12/15/2021 23:52:33,51.00,69.80
12/15/2021 23:53:07,50.00,69.80
12/15/2021 23:53:43,51.00,69.80
12/15/2021 23:54:37,51.00,69.80
12/15/2021 23:55:02,51.00,69.80
12/15/2021 23:55:46,51.00,69.80
12/15/2021 23:56:18,51.00,69.80
12/15/2021 23:56:54,51.00,69.80
12/15/2021 23:57:43,51.00,69.80
12/15/2021 23:58:32,51.00,69.80
12/15/2021 23:59:24,51.00,69.80
12/16/2021 00:00:08,51.00,69.80
12/16/2021 00:00:56,51.00,69.80
12/16/2021 00:01:33,51.00,69.80
12/16/2021 00:02:16,52.00,69.80
12/16/2021 00:03:05,52.00,69.80
12/16/2021 00:03:51,52.00,69.80
12/16/2021 00:04:25,52.00,69.80
12/16/2021 00:04:59,52.00,69.80
12/16/2021 00:05:32,52.00,69.80
12/16/2021 00:06:06,52.00,69.80
12/16/2021 00:06:40,52.00,69.80
12/16/2021 00:07:14,52.00,69.80
12/16/2021 00:07:47,52.00,69.80
12/16/2021 00:08:21,52.00,69.80
12/16/2021 00:08:55,53.00,69.80
12/16/2021 00:09:29,53.00,69.80
12/16/2021 00:10:02,53.00,69.80
12/16/2021 00:10:36,53.00,69.80
12/16/2021 00:11:10,53.00,69.80
12/16/2021 00:11:44,53.00,69.80
12/16/2021 00:12:17,52.00,69.80
12/16/2021 00:12:51,52.00,69.80
12/16/2021 00:13:27,52.00,69.80
12/16/2021 00:14:14,52.00,69.80
12/16/2021 00:14:48,52.00,69.80
12/16/2021 00:15:21,52.00,69.80
12/16/2021 00:15:55,52.00,69.80
12/16/2021 00:16:29,52.00,69.80
12/16/2021 00:17:05,52.00,69.80
12/16/2021 00:17:53,52.00,69.80
12/16/2021 00:18:22,51.00,69.80
12/16/2021 00:18:55,52.00,69.80
12/16/2021 00:19:37,51.00,69.80
12/16/2021 00:20:02,51.00,69.80
12/16/2021 00:20:43,51.00,69.80
12/16/2021 00:21:10,51.00,69.80
12/16/2021 00:22:02,51.00,69.80
12/16/2021 00:22:44,51.00,69.80
12/16/2021 00:23:33,51.00,69.80
12/16/2021 00:24:22,51.00,69.80
12/16/2021 00:25:13,51.00,69.80
12/16/2021 00:25:53,51.00,69.80
12/16/2021 00:26:37,51.00,69.80
12/16/2021 00:27:09,51.00,69.80
12/16/2021 00:27:45,51.00,69.80
12/16/2021 00:28:32,51.00,69.80
12/16/2021 00:29:06,51.00,69.80
12/16/2021 00:30:07,51.00,69.80
12/16/2021 00:30:39,51.00,69.80
12/16/2021 00:31:27,51.00,69.80
12/16/2021 00:32:16,51.00,69.80
12/16/2021 00:33:05,51.00,69.80
12/16/2021 00:33:52,51.00,69.80
12/16/2021 00:34:28,51.00,69.80
12/16/2021 00:35:17,51.00,69.80
12/16/2021 00:36:06,51.00,69.80
12/16/2021 00:36:52,50.00,69.80
12/16/2021 00:37:31,50.00,69.80
12/16/2021 00:38:26,50.00,69.80
12/16/2021 00:38:47,50.00,69.80
12/16/2021 00:39:39,50.00,69.80
12/16/2021 00:40:22,50.00,69.80
12/16/2021 00:41:08,50.00,69.80
12/16/2021 00:41:42,50.00,69.80
12/16/2021 00:42:18,51.00,69.80
12/16/2021 00:43:05,50.00,69.80
12/16/2021 00:43:41,51.00,69.80
12/16/2021 00:44:30,51.00,69.80
12/16/2021 00:45:16,50.00,69.80
12/16/2021 00:45:50,50.00,69.80
12/16/2021 00:46:24,50.00,69.80
12/16/2021 00:47:03,50.00,69.80
12/16/2021 00:47:45,50.00,69.80
12/16/2021 00:48:31,50.00,69.80
12/16/2021 00:49:07,50.00,69.80
12/16/2021 00:49:56,50.00,69.80
12/16/2021 00:50:45,50.00,69.80
12/16/2021 00:51:37,50.00,69.80
12/16/2021 00:52:16,50.00,69.80
12/16/2021 00:52:58,50.00,69.80
12/16/2021 00:53:22,50.00,69.80
12/16/2021 00:53:56,50.00,69.80
12/16/2021 00:54:38,50.00,69.80
12/16/2021 00:55:05,50.00,69.80
12/16/2021 00:55:51,50.00,69.80
12/16/2021 00:56:33,50.00,69.80
12/16/2021 00:56:58,50.00,69.80
12/16/2021 00:57:31,50.00,69.80
12/16/2021 00:58:05,50.00,69.80
12/16/2021 00:58:39,50.00,69.80
12/16/2021 00:59:13,50.00,69.80
12/16/2021 00:59:51,50.00,69.80
12/16/2021 01:00:44,50.00,69.80
12/16/2021 01:01:26,50.00,69.80
12/16/2021 01:02:18,50.00,69.80
12/16/2021 01:02:57,50.00,69.80
12/16/2021 01:03:34,50.00,69.80
12/16/2021 01:04:23,50.00,69.80
12/16/2021 01:05:09,50.00,69.80
12/16/2021 01:05:43,50.00,69.80
12/16/2021 01:06:19,50.00,69.80
12/16/2021 01:07:05,50.00,69.80
12/16/2021 01:07:39,50.00,69.80
12/16/2021 01:08:15,50.00,69.80
12/16/2021 01:09:02,50.00,69.80
12/16/2021 01:09:40,50.00,69.80
12/16/2021 01:10:20,50.00,69.80
12/16/2021 01:10:54,50.00,69.80
12/16/2021 01:11:35,50.00,69.80
12/16/2021 01:12:03,50.00,69.80
12/16/2021 01:12:51,50.00,69.80
12/16/2021 01:13:38,50.00,69.80
12/16/2021 01:14:12,50.00,69.80
12/16/2021 01:14:45,50.00,69.80
12/16/2021 01:15:19,50.00,69.80
12/16/2021 01:15:55,50.00,69.80
12/16/2021 01:16:42,50.00,69.80
12/16/2021 01:17:16,50.00,69.80
12/16/2021 01:17:49,50.00,69.80
12/16/2021 01:18:23,50.00,69.80
12/16/2021 01:18:59,50.00,69.80
12/16/2021 01:19:48,50.00,69.80
12/16/2021 01:20:37,50.00,69.80
12/16/2021 01:21:26,50.00,69.80
12/16/2021 01:22:12,50.00,69.80
12/16/2021 01:22:46,50.00,69.80
12/16/2021 01:23:22,50.00,69.80
12/16/2021 01:24:09,50.00,69.80
12/16/2021 01:24:45,50.00,69.80
12/16/2021 01:25:31,50.00,69.80
12/16/2021 01:26:08,50.00,69.80
12/16/2021 01:26:54,50.00,69.80
12/16/2021 01:27:28,50.00,69.80
12/16/2021 01:28:02,50.00,69.80
12/16/2021 01:28:35,50.00,69.80
12/16/2021 01:29:09,50.00,69.80
12/16/2021 01:29:43,50.00,69.80
12/16/2021 01:30:16,50.00,69.80
12/16/2021 01:30:55,50.00,69.80
12/16/2021 01:31:35,50.00,69.80
12/16/2021 01:32:09,50.00,69.80
12/16/2021 01:32:45,50.00,69.80
12/16/2021 01:33:39,50.00,69.80
12/16/2021 01:34:09,50.00,69.80
12/16/2021 01:34:48,50.00,69.80
12/16/2021 01:35:32,50.00,69.80
12/16/2021 01:36:05,50.00,69.80
12/16/2021 01:36:41,50.00,69.80
12/16/2021 01:37:27,50.00,69.80
12/16/2021 01:38:06,50.00,69.80
12/16/2021 01:38:46,50.00,69.80
12/16/2021 01:39:25,50.00,69.80
12/16/2021 01:40:09,50.00,69.80
12/16/2021 01:40:49,50.00,69.80
12/16/2021 01:41:23,50.00,69.80
12/16/2021 01:41:57,50.00,69.80
12/16/2021 01:42:30,50.00,69.80
12/16/2021 01:43:07,50.00,69.80
12/16/2021 01:43:53,50.00,69.80
12/16/2021 01:44:39,50.00,69.80
12/16/2021 01:45:19,50.00,69.80
12/16/2021 01:45:56,50.00,69.80
12/16/2021 01:46:45,50.00,69.80
12/16/2021 01:47:34,50.00,69.80
12/16/2021 01:48:20,50.00,69.80
12/16/2021 01:48:54,50.00,69.80
12/16/2021 01:49:27,50.00,69.80
12/16/2021 01:50:06,50.00,69.80
12/16/2021 01:50:48,50.00,69.80
12/16/2021 01:51:35,50.00,69.80
12/16/2021 01:52:09,50.00,69.80
12/16/2021 01:52:42,50.00,69.80
12/16/2021 01:53:16,50.00,69.80
12/16/2021 01:53:50,50.00,69.80
12/16/2021 01:54:24,50.00,69.80
12/16/2021 01:54:57,50.00,69.80
12/16/2021 01:55:31,50.00,69.80
12/16/2021 01:56:07,50.00,69.80
12/16/2021 01:56:54,50.00,69.80
12/16/2021 01:57:28,50.00,69.80
12/16/2021 01:58:04,50.00,69.80
12/16/2021 01:58:50,50.00,69.80
12/16/2021 01:59:24,50.00,69.80
12/16/2021 02:00:00,50.00,69.80
12/16/2021 02:00:49,50.00,69.80
12/16/2021 02:01:36,50.00,69.80
12/16/2021 02:02:09,50.00,69.80
12/16/2021 02:02:46,50.00,69.80
12/16/2021 02:03:32,50.00,69.80
12/16/2021 02:04:08,50.00,69.80
12/16/2021 02:05:07,50.00,69.80
12/16/2021 02:05:52,50.00,69.80
12/16/2021 02:06:32,50.00,69.80
12/16/2021 02:07:08,50.00,69.80
12/16/2021 02:07:55,50.00,69.80
12/16/2021 02:08:28,50.00,69.80
12/16/2021 02:09:07,50.00,69.80
12/16/2021 02:09:47,50.00,69.80
12/16/2021 02:10:23,50.00,69.80
12/16/2021 02:11:09,50.00,69.80
12/16/2021 02:11:48,50.00,69.80
12/16/2021 02:12:30,50.00,69.80
12/16/2021 02:13:19,50.00,69.80
12/16/2021 02:14:11,50.00,69.80
12/16/2021 02:14:50,50.00,69.80
12/16/2021 02:15:24,50.00,69.80
12/16/2021 02:15:58,50.00,69.80
12/16/2021 02:16:39,50.00,69.80
12/16/2021 02:17:07,50.00,69.80
12/16/2021 02:18:01,50.00,69.80
12/16/2021 02:18:25,50.00,69.80
12/16/2021 02:18:59,50.00,69.80
12/16/2021 02:19:33,50.00,69.80
12/16/2021 02:20:14,50.00,69.80
12/16/2021 02:20:39,50.00,69.80
12/16/2021 02:21:13,50.00,69.80
12/16/2021 02:21:47,50.00,69.80
12/16/2021 02:22:25,50.00,69.80
12/16/2021 02:23:10,50.00,69.80
12/16/2021 02:23:50,50.00,69.80
12/16/2021 02:24:26,50.00,69.80
12/16/2021 02:25:13,50.00,69.80
12/16/2021 02:25:49,50.00,69.80
12/16/2021 02:26:35,50.00,69.80
12/16/2021 02:27:09,50.00,69.80
12/16/2021 02:27:48,50.00,69.80
12/16/2021 02:28:30,50.00,69.80
12/16/2021 02:29:16,50.00,69.80
12/16/2021 02:29:50,50.00,69.80
12/16/2021 02:30:24,50.00,69.80
12/16/2021 02:30:58,50.00,69.80
12/16/2021 02:31:34,50.00,69.80
12/16/2021 02:32:20,50.00,69.80
12/16/2021 02:32:54,50.00,69.80
12/16/2021 02:33:35,50.00,69.80
12/16/2021 02:34:03,50.00,69.80
12/16/2021 02:34:49,50.00,69.80
12/16/2021 02:35:23,50.00,69.80
12/16/2021 02:35:57,50.00,69.80
12/16/2021 02:36:30,50.00,69.80
12/16/2021 02:37:07,50.00,69.80
12/16/2021 02:37:53,50.00,69.80
12/16/2021 02:38:27,50.00,69.80
12/16/2021 02:39:00,50.00,69.80
12/16/2021 02:39:34,50.00,69.80
12/16/2021 02:40:10,50.00,69.80
12/16/2021 02:40:57,50.00,69.80
12/16/2021 02:41:31,50.00,69.80
12/16/2021 02:42:07,50.00,69.80
12/16/2021 02:42:53,50.00,69.80
12/16/2021 02:43:27,50.00,69.80
12/16/2021 02:44:01,50.00,69.80
12/16/2021 02:44:37,50.00,69.80
12/16/2021 02:45:23,50.00,69.80
12/16/2021 02:45:57,50.00,69.80
12/16/2021 02:46:33,50.00,69.80
12/16/2021 02:47:25,50.00,69.80
12/16/2021 02:48:05,50.00,69.80
12/16/2021 02:48:41,50.00,69.80
12/16/2021 02:49:27,50.00,69.80
12/16/2021 02:50:03,50.00,69.80
12/16/2021 02:50:55,50.00,69.80
12/16/2021 02:51:42,50.00,69.80
12/16/2021 02:52:16,50.00,69.80
12/16/2021 02:52:49,50.00,69.80
12/16/2021 02:53:23,50.00,69.80
12/16/2021 02:53:57,50.00,69.80
12/16/2021 02:54:33,50.00,69.80
12/16/2021 02:55:22,50.00,69.80
12/16/2021 02:56:08,50.00,69.80
12/16/2021 02:56:42,50.00,69.80
12/16/2021 02:57:16,50.00,69.80
12/16/2021 02:57:49,50.00,69.80
12/16/2021 02:58:23,50.00,69.80
12/16/2021 02:58:57,50.00,69.80
12/16/2021 02:59:31,50.00,69.80
12/16/2021 03:00:07,50.00,69.80
12/16/2021 03:01:01,50.00,69.80
12/16/2021 03:01:28,50.00,69.80
12/16/2021 03:02:20,50.00,69.80
12/16/2021 03:02:59,50.00,69.80
12/16/2021 03:03:40,50.00,69.80
12/16/2021 03:04:04,50.00,69.80
12/16/2021 03:04:38,50.00,69.80
12/16/2021 03:05:11,50.00,69.80
12/16/2021 03:05:45,50.00,69.80
12/16/2021 03:06:24,50.00,69.80
12/16/2021 03:07:04,50.00,69.80
12/16/2021 03:07:37,50.00,69.80
12/16/2021 03:08:11,50.00,69.80
12/16/2021 03:08:45,50.00,69.80
12/16/2021 03:09:21,50.00,69.80
12/16/2021 03:10:07,50.00,69.80
12/16/2021 03:10:44,50.00,69.80
12/16/2021 03:11:33,50.00,69.80
12/16/2021 03:12:22,50.00,69.80
12/16/2021 03:13:08,50.00,69.80
12/16/2021 03:13:42,50.00,69.80
12/16/2021 03:14:18,50.00,69.80
12/16/2021 03:15:04,50.00,69.80
12/16/2021 03:15:53,50.00,69.80
12/16/2021 03:16:09,50.00,69.80
12/16/2021 03:16:43,50.00,69.80
12/16/2021 03:17:17,50.00,69.80
12/16/2021 03:17:51,50.00,69.80
12/16/2021 03:18:24,50.00,69.80
12/16/2021 03:18:58,50.00,69.80
12/16/2021 03:19:34,50.00,69.80
12/16/2021 03:20:21,50.00,69.80
12/16/2021 03:21:00,50.00,69.80
12/16/2021 03:21:39,50.00,69.80
12/16/2021 03:22:13,50.00,69.80
12/16/2021 03:22:49,50.00,69.80
12/16/2021 03:23:36,50.00,69.80
12/16/2021 03:24:09,50.00,69.80
12/16/2021 03:24:53,50.00,69.80
12/16/2021 03:25:26,50.00,69.80
12/16/2021 03:25:59,50.00,69.80
12/16/2021 03:26:33,50.00,69.80
12/16/2021 03:27:09,50.00,69.80
12/16/2021 03:27:56,50.00,69.80
12/16/2021 03:28:35,50.00,69.80
12/16/2021 03:29:14,50.00,69.80
12/16/2021 03:29:48,50.00,69.80
12/16/2021 03:30:27,50.00,69.80
12/16/2021 03:31:06,50.00,69.80
12/16/2021 03:31:40,51.00,69.80
12/16/2021 03:32:14,51.00,69.80
12/16/2021 03:32:58,51.00,69.80
12/16/2021 03:33:30,51.00,69.80
12/16/2021 03:34:04,51.00,69.80
12/16/2021 03:34:38,51.00,69.80
12/16/2021 03:35:12,51.00,69.80
12/16/2021 03:35:45,51.00,69.80
12/16/2021 03:36:19,51.00,69.80
12/16/2021 03:36:53,51.00,69.80
12/16/2021 03:37:29,51.00,69.80
12/16/2021 03:38:16,51.00,69.80
12/16/2021 03:38:54,51.00,69.80
12/16/2021 03:39:37,51.00,69.80
12/16/2021 03:40:23,51.00,69.80
12/16/2021 03:40:59,51.00,69.80
12/16/2021 03:41:46,51.00,69.80
12/16/2021 03:42:29,51.00,69.80
12/16/2021 03:43:02,51.00,69.80
12/16/2021 03:43:43,51.00,69.80
12/16/2021 03:44:13,51.00,69.80
12/16/2021 03:44:55,51.00,69.80
12/16/2021 03:45:47,51.00,69.80
12/16/2021 03:46:26,51.00,69.80
12/16/2021 03:47:05,51.00,69.80
12/16/2021 03:47:45,51.00,69.80
12/16/2021 03:48:19,51.00,69.80
12/16/2021 03:48:52,51.00,69.80
12/16/2021 03:49:26,51.00,69.80
12/16/2021 03:50:07,51.00,69.80
12/16/2021 03:50:32,51.00,69.80
12/16/2021 03:51:06,51.00,69.80
12/16/2021 03:51:42,51.00,69.80
12/16/2021 03:52:29,51.00,69.80
12/16/2021 03:53:02,51.00,69.80
12/16/2021 03:53:36,51.00,69.80
12/16/2021 03:54:10,51.00,69.80
12/16/2021 03:54:44,51.00,69.80
12/16/2021 03:55:18,51.00,69.80
12/16/2021 03:55:51,51.00,69.80
12/16/2021 03:56:30,51.00,69.80
12/16/2021 03:57:10,51.00,69.80
12/16/2021 03:57:46,51.00,69.80
12/16/2021 03:58:32,51.00,69.80
12/16/2021 03:59:14,51.00,69.80
12/16/2021 03:59:39,51.00,69.80
12/16/2021 04:00:12,51.00,69.80
12/16/2021 04:00:51,51.00,69.80
12/16/2021 04:01:31,51.00,69.80
12/16/2021 04:02:10,51.00,69.80
12/16/2021 04:02:49,50.00,69.80
12/16/2021 04:03:26,51.00,69.80
12/16/2021 04:04:12,51.00,69.80
12/16/2021 04:04:53,50.00,69.80
12/16/2021 04:05:18,51.00,69.80
12/16/2021 04:05:52,51.00,69.80
12/16/2021 04:06:26,51.00,69.80
12/16/2021 04:07:02,51.00,69.80
12/16/2021 04:07:51,50.00,69.80
12/16/2021 04:08:37,50.00,69.80
12/16/2021 04:09:13,51.00,69.80
12/16/2021 04:10:00,51.00,69.80
12/16/2021 04:10:34,50.00,69.80
12/16/2021 04:11:07,51.00,69.80
12/16/2021 04:11:41,50.00,69.80
12/16/2021 04:12:15,50.00,69.80
12/16/2021 04:12:51,50.00,69.80
12/16/2021 04:13:37,50.00,69.80
12/16/2021 04:14:14,50.00,69.80
12/16/2021 04:15:00,50.00,69.80
12/16/2021 04:15:36,50.00,69.80
12/16/2021 04:16:23,50.00,69.80
12/16/2021 04:16:59,50.00,69.80
12/16/2021 04:17:48,50.00,69.80
12/16/2021 04:18:34,50.00,69.80
12/16/2021 04:19:08,50.00,69.80
12/16/2021 04:19:42,50.00,69.80
12/16/2021 04:20:15,50.00,69.80
12/16/2021 04:20:52,50.00,69.80
12/16/2021 04:21:38,50.00,69.80
12/16/2021 04:22:12,50.00,69.80
12/16/2021 04:22:46,50.00,69.80
12/16/2021 04:23:19,50.00,69.80
12/16/2021 04:23:53,50.00,69.80
12/16/2021 04:24:29,50.00,69.80
12/16/2021 04:25:18,50.00,69.80
12/16/2021 04:26:07,50.00,69.80
12/16/2021 04:26:51,50.00,69.80
12/16/2021 04:27:16,50.00,69.80
12/16/2021 04:27:50,50.00,69.80
12/16/2021 04:28:26,50.00,69.80
12/16/2021 04:29:15,50.00,69.80
12/16/2021 04:30:01,50.00,69.80
12/16/2021 04:30:38,50.00,69.80
12/16/2021 04:31:37,50.00,69.80
12/16/2021 04:32:17,50.00,69.80
12/16/2021 04:32:50,50.00,69.80
12/16/2021 04:33:24,50.00,69.80
12/16/2021 04:34:03,50.00,69.80
12/16/2021 04:34:45,50.00,69.80
12/16/2021 04:35:31,50.00,69.80
12/16/2021 04:36:10,50.00,69.80
12/16/2021 04:36:52,50.00,69.80
12/16/2021 04:37:41,50.00,69.80
12/16/2021 04:38:28,50.00,69.80
12/16/2021 04:39:06,50.00,69.80
12/16/2021 04:39:49,50.00,69.80
12/16/2021 04:40:35,50.00,69.80
12/16/2021 04:41:11,50.00,69.80
12/16/2021 04:41:58,50.00,69.80
12/16/2021 04:42:31,50.00,69.80
12/16/2021 04:43:05,50.00,69.80
12/16/2021 04:43:39,50.00,69.80
12/16/2021 04:44:12,50.00,69.80
12/16/2021 04:44:46,50.00,69.80
12/16/2021 04:45:20,50.00,69.80
12/16/2021 04:45:53,50.00,69.80
12/16/2021 04:46:27,50.00,69.80
12/16/2021 04:47:03,50.00,69.80
12/16/2021 04:47:52,50.00,69.80
12/16/2021 04:48:39,50.00,69.80
12/16/2021 04:49:12,50.00,69.80
12/16/2021 04:49:51,50.00,69.80
12/16/2021 04:50:31,50.00,69.80
12/16/2021 04:51:04,50.00,69.80
12/16/2021 04:51:38,50.00,69.80
12/16/2021 04:52:12,50.00,69.80
12/16/2021 04:52:46,50.00,69.80
12/16/2021 04:53:32,50.00,69.80
12/16/2021 04:54:12,50.00,69.80
12/16/2021 04:54:46,50.00,69.80
12/16/2021 04:55:19,50.00,69.80
12/16/2021 04:56:01,50.00,69.80
12/16/2021 04:56:26,50.00,69.80
12/16/2021 04:56:59,50.00,69.80
12/16/2021 04:57:33,50.00,69.80
12/16/2021 04:58:07,50.00,69.80
12/16/2021 04:58:43,50.00,69.80
12/16/2021 04:59:29,50.00,69.80
12/16/2021 05:00:06,51.00,69.80
12/16/2021 05:00:55,51.00,69.80
12/16/2021 05:01:41,51.00,69.80
12/16/2021 05:02:15,51.00,69.80
12/16/2021 05:02:48,51.00,69.80
12/16/2021 05:03:22,51.00,69.80
12/16/2021 05:03:56,51.00,69.80
12/16/2021 05:04:32,51.00,69.80
12/16/2021 05:05:21,51.00,69.80
12/16/2021 05:06:10,50.00,68.00
12/16/2021 05:06:56,51.00,69.80
12/16/2021 05:07:30,51.00,69.80
12/16/2021 05:08:04,51.00,69.80
12/16/2021 05:08:38,51.00,69.80
12/16/2021 05:09:11,51.00,69.80
12/16/2021 05:09:45,51.00,69.80
12/16/2021 05:10:19,51.00,69.80
12/16/2021 05:10:53,50.00,68.00
12/16/2021 05:11:26,51.00,69.80
12/16/2021 05:12:00,51.00,69.80
12/16/2021 05:12:34,51.00,69.80
12/16/2021 05:13:08,51.00,69.80
12/16/2021 05:13:41,51.00,69.80
12/16/2021 05:14:23,52.00,69.80
12/16/2021 05:14:47,51.00,69.80
12/16/2021 05:15:21,52.00,69.80
12/16/2021 05:15:55,50.00,68.00
12/16/2021 05:16:29,52.00,69.80
12/16/2021 05:17:02,52.00,69.80
12/16/2021 05:17:46,51.00,69.80
12/16/2021 05:18:26,51.00,69.80
12/16/2021 05:19:01,51.00,69.80
12/16/2021 05:19:34,51.00,69.80
12/16/2021 05:20:07,51.00,69.80
12/16/2021 05:20:41,51.00,69.80
12/16/2021 05:21:15,51.00,69.80
12/16/2021 05:21:54,51.00,69.80
12/16/2021 05:22:33,51.00,69.80
12/16/2021 05:23:07,51.00,69.80
12/16/2021 05:23:41,51.00,69.80
12/16/2021 05:24:15,51.00,69.80
12/16/2021 05:24:51,51.00,69.80
12/16/2021 05:25:58,50.00,69.80
12/16/2021 05:26:19,50.00,69.80
12/16/2021 05:26:53,50.00,69.80
12/16/2021 05:27:29,51.00,69.80
12/16/2021 05:28:15,51.00,69.80
12/16/2021 05:28:49,51.00,69.80
12/16/2021 05:29:25,51.00,69.80
12/16/2021 05:30:12,50.00,69.80
12/16/2021 05:30:45,51.00,69.80
12/16/2021 05:31:19,51.00,69.80
12/16/2021 05:31:53,50.00,69.80
12/16/2021 05:32:27,50.00,69.80
12/16/2021 05:33:00,50.00,69.80
12/16/2021 05:33:34,50.00,69.80
12/16/2021 05:34:08,50.00,69.80
12/16/2021 05:34:42,50.00,69.80
12/16/2021 05:35:15,50.00,69.80
12/16/2021 05:35:49,50.00,69.80
12/16/2021 05:36:23,50.00,69.80
12/16/2021 05:36:57,50.00,69.80
12/16/2021 05:37:30,50.00,69.80
12/16/2021 05:38:04,50.00,69.80
12/16/2021 05:38:45,50.00,69.80
12/16/2021 05:39:10,50.00,69.80
12/16/2021 05:39:46,50.00,69.80
12/16/2021 05:40:33,50.00,69.80
12/16/2021 05:41:07,50.00,69.80
12/16/2021 05:41:40,49.00,68.00
12/16/2021 05:42:14,49.00,68.00
12/16/2021 05:42:53,50.00,69.80
12/16/2021 05:43:32,50.00,69.80
12/16/2021 05:44:06,50.00,69.80
12/16/2021 05:44:40,49.00,68.00
12/16/2021 05:45:14,50.00,69.80
12/16/2021 05:45:47,50.00,69.80
12/16/2021 05:46:21,50.00,69.80
12/16/2021 05:47:05,50.00,69.80
12/16/2021 05:47:40,50.00,69.80
12/16/2021 05:48:27,50.00,69.80
12/16/2021 05:49:03,50.00,69.80
12/16/2021 05:49:54,50.00,69.80
12/16/2021 05:50:34,50.00,69.80
12/16/2021 05:51:18,50.00,69.80
12/16/2021 05:51:55,50.00,69.80
12/16/2021 05:52:35,50.00,69.80
12/16/2021 05:53:09,50.00,69.80
12/16/2021 05:53:45,50.00,69.80
12/16/2021 05:54:34,50.00,69.80
12/16/2021 05:55:20,50.00,69.80
12/16/2021 05:55:54,50.00,69.80
12/16/2021 05:56:30,50.00,69.80
12/16/2021 05:57:17,50.00,69.80
12/16/2021 05:57:55,50.00,69.80
12/16/2021 05:58:35,50.00,69.80
12/16/2021 05:59:09,49.00,68.00
12/16/2021 05:59:45,49.00,68.00
12/16/2021 06:00:32,50.00,69.80
12/16/2021 06:01:05,50.00,69.80
12/16/2021 06:01:39,50.00,69.80
12/16/2021 06:02:13,50.00,69.80
12/16/2021 06:02:51,50.00,69.80
12/16/2021 06:03:31,50.00,69.80
12/16/2021 06:04:10,50.00,69.80
12/16/2021 06:04:50,49.00,68.00
12/16/2021 06:05:23,49.00,68.00
12/16/2021 06:05:57,49.00,68.00
12/16/2021 06:06:33,50.00,68.00
12/16/2021 06:07:22,50.00,68.00
12/16/2021 06:08:11,50.00,68.00
12/16/2021 06:08:58,50.00,68.00
12/16/2021 06:09:31,50.00,68.00
12/16/2021 06:10:08,50.00,68.00
12/16/2021 06:10:54,50.00,68.00
12/16/2021 06:11:28,50.00,68.00
12/16/2021 06:12:02,50.00,68.00
12/16/2021 06:12:35,50.00,68.00
12/16/2021 06:13:09,50.00,68.00
12/16/2021 06:13:43,50.00,68.00
12/16/2021 06:14:22,51.00,69.80
12/16/2021 06:15:04,50.00,68.00
12/16/2021 06:15:48,51.00,69.80
12/16/2021 06:16:24,51.00,69.80
12/16/2021 06:17:15,51.00,69.80
12/16/2021 06:17:55,51.00,69.80
12/16/2021 06:18:31,51.00,69.80
12/16/2021 06:19:18,51.00,69.80
12/16/2021 06:19:51,51.00,69.80
12/16/2021 06:20:25,51.00,69.80
12/16/2021 06:20:59,51.00,69.80
12/16/2021 06:21:35,50.00,69.80
12/16/2021 06:22:22,50.00,69.80
12/16/2021 06:22:55,50.00,69.80
12/16/2021 06:23:32,50.00,69.80
12/16/2021 06:24:20,50.00,69.80
12/16/2021 06:25:09,50.00,69.80
12/16/2021 06:25:56,50.00,69.80
12/16/2021 06:26:30,50.00,69.80
12/16/2021 06:27:03,50.00,69.80
12/16/2021 06:27:40,50.00,69.80
12/16/2021 06:28:31,51.00,69.80
12/16/2021 06:29:13,51.00,69.80
12/16/2021 06:30:02,51.00,69.80
12/16/2021 06:30:49,51.00,69.80
12/16/2021 06:31:25,51.00,69.80
12/16/2021 06:32:21,51.00,69.80
12/16/2021 06:32:54,51.00,69.80
12/16/2021 06:33:28,51.00,69.80
12/16/2021 06:34:01,51.00,69.80
12/16/2021 06:34:35,51.00,69.80
12/16/2021 06:35:09,51.00,69.80
12/16/2021 06:35:43,51.00,69.80
12/16/2021 06:36:19,51.00,69.80
12/16/2021 06:37:10,51.00,69.80
12/16/2021 06:37:53,51.00,69.80
12/16/2021 06:38:39,51.00,69.80
12/16/2021 06:39:23,51.00,69.80
12/16/2021 06:39:58,50.00,69.80
12/16/2021 06:40:44,50.00,69.80
12/16/2021 06:41:26,50.00,69.80
12/16/2021 06:41:55,50.00,69.80
12/16/2021 06:42:38,50.00,69.80
12/16/2021 06:43:24,50.00,69.80
12/16/2021 06:43:58,50.00,69.80
12/16/2021 06:44:31,51.00,69.80
12/16/2021 06:45:08,50.00,69.80
12/16/2021 06:46:02,50.00,69.80
12/16/2021 06:46:34,50.00,69.80
12/16/2021 06:46:59,50.00,69.80
12/16/2021 06:47:33,50.00,69.80
12/16/2021 06:48:07,50.00,69.80
12/16/2021 06:48:48,50.00,69.80
12/16/2021 06:49:15,50.00,69.80
12/16/2021 06:50:02,50.00,69.80
12/16/2021 06:50:35,50.00,69.80
12/16/2021 06:51:09,50.00,69.80
12/16/2021 06:51:45,50.00,69.80
12/16/2021 06:52:32,50.00,69.80
12/16/2021 06:53:08,50.00,69.80
12/16/2021 06:53:57,50.00,69.80
12/16/2021 06:54:46,50.00,69.80
12/16/2021 06:55:37,50.00,69.80
12/16/2021 06:56:20,50.00,69.80
12/16/2021 06:57:06,50.00,69.80
12/16/2021 06:57:45,50.00,69.80
12/16/2021 06:58:32,50.00,69.80
12/16/2021 06:58:57,50.00,69.80
12/16/2021 06:59:31,50.00,69.80
12/16/2021 07:00:07,50.00,69.80
12/16/2021 07:00:53,50.00,69.80
12/16/2021 07:01:32,50.00,69.80
12/16/2021 07:02:14,50.00,69.80
12/16/2021 07:03:11,50.00,69.80
12/16/2021 07:03:46,50.00,69.80
12/16/2021 07:04:35,50.00,69.80
12/16/2021 07:05:26,50.00,69.80
12/16/2021 07:06:08,50.00,69.80
12/16/2021 07:07:07,49.00,69.80
12/16/2021 07:07:47,49.00,69.80
12/16/2021 07:08:24,50.00,69.80
12/16/2021 07:09:10,50.00,69.80
12/16/2021 07:09:44,50.00,69.80
12/16/2021 07:10:18,50.00,69.80
12/16/2021 07:10:54,49.00,69.80
12/16/2021 07:11:40,49.00,69.80
12/16/2021 07:12:14,49.00,69.80
12/16/2021 07:12:48,49.00,69.80
12/16/2021 07:13:24,50.00,69.80
12/16/2021 07:14:10,49.00,69.80
12/16/2021 07:14:52,50.00,69.80
12/16/2021 07:15:19,50.00,69.80
12/16/2021 07:16:05,49.00,69.80
12/16/2021 07:16:39,50.00,69.80
12/16/2021 07:17:18,50.00,69.80
12/16/2021 07:17:58,50.00,69.80
12/16/2021 07:18:39,50.00,69.80
12/16/2021 07:19:04,50.00,69.80
12/16/2021 07:19:38,50.00,69.80
12/16/2021 07:20:11,50.00,69.80
12/16/2021 07:20:45,50.00,69.80
12/16/2021 07:21:19,50.00,69.80
12/16/2021 07:22:00,50.00,69.80
12/16/2021 07:22:25,50.00,69.80
12/16/2021 07:22:59,50.00,69.80
12/16/2021 07:23:38,50.00,69.80
12/16/2021 07:24:20,50.00,69.80
12/16/2021 07:25:06,50.00,69.80
12/16/2021 07:25:42,50.00,69.80
12/16/2021 07:26:29,50.00,69.80
12/16/2021 07:27:02,50.00,69.80
12/16/2021 07:27:36,49.00,69.80
12/16/2021 07:28:18,49.00,69.80
12/16/2021 07:28:42,49.00,69.80
12/16/2021 07:29:19,49.00,69.80
12/16/2021 07:30:05,49.00,69.80
12/16/2021 07:30:41,49.00,69.80
12/16/2021 07:31:28,50.00,69.80
12/16/2021 07:32:07,50.00,69.80
12/16/2021 07:32:46,50.00,69.80
12/16/2021 07:33:23,50.00,69.80
12/16/2021 07:34:17,50.00,69.80
12/16/2021 07:34:46,50.00,69.80
12/16/2021 07:35:26,50.00,69.80
12/16/2021 07:36:00,50.00,69.80
12/16/2021 07:36:36,51.00,69.80
12/16/2021 07:37:23,51.00,69.80
12/16/2021 07:37:56,51.00,69.80
12/16/2021 07:38:33,51.00,69.80
12/16/2021 07:39:37,51.00,69.80
12/16/2021 07:39:55,51.00,69.80
12/16/2021 07:40:29,51.00,69.80
12/16/2021 07:41:13,51.00,69.80
12/16/2021 07:41:45,51.00,69.80
12/16/2021 07:42:24,51.00,69.80
12/16/2021 07:43:11,51.00,69.80
12/16/2021 07:43:36,50.00,69.80
12/16/2021 07:44:10,51.00,69.80
12/16/2021 07:44:44,51.00,69.80
12/16/2021 07:45:23,51.00,71.60
12/16/2021 07:46:02,51.00,71.60
12/16/2021 07:46:44,51.00,71.60
12/16/2021 07:47:33,51.00,71.60
12/16/2021 07:48:20,51.00,71.60
12/16/2021 07:48:56,51.00,71.60
12/16/2021 07:49:42,51.00,71.60
12/16/2021 07:50:16,51.00,71.60
12/16/2021 07:50:52,51.00,71.60
12/16/2021 07:51:39,51.00,71.60
12/16/2021 07:52:20,51.00,71.60
12/16/2021 07:52:45,51.00,71.60
12/16/2021 07:53:19,51.00,71.60
12/16/2021 07:53:52,50.00,69.80
12/16/2021 07:54:29,50.00,69.80
12/16/2021 07:55:18,50.00,69.8
